Nº Servei,DATA,HORA,X,Y,NOM_FOC,REGIO,SUPERFÍCIE (HA),Observacions
16/26/04785,11/07/2016,22:03:00,301074,4529864,El Perelló,RETE,"0,0000","04690, 04691 ; "
16/26/04782,11/07/2016,20:59:00,301771,4536403,El Perelló,RETE,"0,0010","04690, 04691 ; GRAF TAR el treballen sense suport d'aigua"
16/26/04781,11/07/2016,20:42:00,271948,4537778,Horta de St. Joan,RETE,"0,0010",
16/26/04779,11/07/2016,19:38:00,302397,4543116,Ginestar,RETE,"0,0200",3092 ; GRAF00 arriba primer i fa la valoració
16/26/04778,11/07/2016,19:12:00,287520,4553104,Corbera d'Ebre,RETE,"0,5000","08BN09 ; 5071 ; GRAF Móra el va trobar anant cap al servei d'Arenys de Lledó, va valorar i van continuar"
16/26/04776,11/07/2016,19:00:00,269217,4542010,Arenys de Lledó,ARAGO,"0,1050","72730, 72330, 72630, 05071 ; GRAF Móra l'ha valorat, però no l'han treballat"
16/25/20756,22/07/2016,21:00:00,423545,4591031,sant cugat,REMS,"0,0000",
16/24/17341,22/07/2016,20:37:00,417866,4576883,Sant boi llobregat,REMS,"0,0000",
16/24/17322,22/07/2016,19:36:00,400578,4574079,Olivella,REMS,"0,0000",4 canvis de direcció 
16/24/17244,22/07/2016,0:22:00,399845,4602728,Collbató,REMS,"0,5000",
16/24/16080,08/07/2016,17:40:00,369478,4607462,Argençola (Carbasí),REMS,"0,2374","24BC15 ; 0.40.93, 0.44.90, 0.44.91 ; El primer en arribar és GRAF03"
16/23/09435,26/07/2016,18:15:00,436457,4623931,Sant Martí de Centelles,REMN,"0,0000",38AZ07 ; 41130 ; 
16/23/09198,22/07/2016,20:20:00,371500,4659500,Lladurs,REC,"0,0000",
16/23/09193,22/07/2016,19:48:00,370925,4647665,Pinell de Solsones,REC,"0,0000",
16/23/09180,22/07/2016,18:34:00,418003,4621949,Monistrol Calders,REC,"0,0000",
16/23/09148,22/07/2016,13:12:00,415221,4644792,Sant Feliu Sasserra,REC,"0,0800",
16/23/09127,22/07/2016,6:09:00,387745,4612073,Castellfollit del Boix,REC,"0,0080",
16/23/08507,09/07/2016,16:39:00,390039,4644853,Cardona,REC,"0,0400",0.40.93 ; Ha arribat GRAF03
16/23/08468,08/07/2016,18:25:00,400311,4639954,Castelladral,REC,"0,0004","0.50.08 ; L' ha trobat GRAF BCN durant ruta de llamps, han treballat amb eines manuals, no vehicles d' aigua."
16/23/08455,08/07/2016,15:20:00,395010,4613373,Sant Salvador de Guardiola,REC,"0,0040",0.44.91 ; 
16/23/07349,18/06/2016,16:05:00,411272,4632776,Sallent,REC,"0,0080",poca consumicio ; 4491 ; 
15/26/05402,31/07/2015,20:23:00,303625,4545132,Ginestar,RETE,"0,0150","04090,04690,72831"
15/26/05180,24/07/2015,19:11:00,269830,4525922,Arnes,RETE,"0,0000",
15/24/18617,16/08/2015,13:41:00,395701,4571795,Olivella,REMS,"0,0030",Posició portatil VIF; 
15/24/18602,16/08/2015,11:35:00,397124,4569635,Sant Pere de Ribes,REMS,"0,0060",
15/24/18548,15/08/2015,19:46:00,395350,4605202,bruc,REMS,"0,0003",
15/23/09927,16/08/2015,10:13:00,394475,4641684,Cardona,REC,"0,0200",
14/0306571,14/06/2014,14:45:00,329037,4655247,Llimiana,RELL,"0,0005",Un arbre. LGRAF09
13/27/00877,17/08/2013,15:31:00,310972,4739229,Bossost,ARAN,"0,0000",
13/26/05715,28/07/2013,19:16:00,282651,4530067,Alfara de Carles,RETE,"0,0000",; ; ; Graf Mora; 
13/26/05564,24/07/2013,19:06:00,292665,4545686,Benifallet,RETiTE,"0,0000",
13/26/05321,18/07/2013,7:00:00,311574,4545444,Tivissa,RETE,"0,0000",; ; ; eines manuals; 
13/26/05092,10/07/2013,20:06:00,273343,4529834,Horta de Sant Joan,RETE,"0,0000",La Punta dels Corcons; ; ; P2730; 05BS04
13/26/04825,02/07/2013,17:28:00,307626,4564521,La Figuera,RET,"0,0000",pi trencat fotografiat; ; ; 72230_BGRAF10; 12BL03
13/25/22539,11/09/2013,16:52:00,465469,4604285,Sant Andreu de Llavaneres,REMN,"0,0000",
13/25/22033,06/09/2013,19:15:00,443271,4602938,Caldes de Montbui,REMN,"0,0000",
13/25/22029,06/09/2013,17:39:00,431081,4614858,Bigues i Riells,REMN,"0,0000",
13/25/22025,06/09/2013,17:52:00,443271,4602938,La Roca del Vallès,REMN,"0,0000",
13/25/21165,26/08/2013,18:58:00,4466448,4596553,Vilassar de dalt,REMN,"0,0000",No veuen res; ; ; 40930; 
13/25/18546,29/07/2013,14:08:00,421783,4614671,St. Llorenç Savall,REMN,"0,0000",; ; ; el troben; 
13/25/18494,29/07/2013,2:52:00,440175,4594424,Alella,REMN,"0,0000",Av. Mil·lenari; ; ; ; 
13/25/18492,29/07/2013,2:28:00,433893,4610489,Sta. Eulalia de Ronçana,REMN,"0,0000",
13/25/17468,18/07/2013,16:29:00,439791,4593891,Tiana,REMN,"0,0000",
13/25/17460,18/07/2013,15:48:00,435373,4600565,Lliçà de Vall,REMN,"0,0000",
13/25/16720,11/07/2013,17:10:00,433230,4619827,Sant Feliu de Codines,REMN,"0,0000",soca cremant; ; ; ; 37BA-35
13/25/16697,11/07/2013,14:42:00,429493,4615307,Sant Feliu de Codines,REMN,"0,0000",; ; ; ; 36BA25
13/25/16696,11/07/2013,14:42:00,440540,4616229,La Garriga,REMN,"0,0000",combustible herbaci; 40630; ; ; 38BA-24
13/24/17418,18/08/2013,17:20:00,384622,4591541,St. Joan de Mediona,REMS,"0,0000",; 50.51 i de camí 5.02.30; ; 5051; 27BF20
13/24/17338,17/08/2013,11:42:00,377415,4589936,La Llacuna,REMS,"0,0000",; ; ; la llacuna + graf girona; 
13/24/17308,17/08/2013,3:37:00,376377,4601137,Sant Martí de Tous,RMS,"0,0000",; ; ; igualada; 
13/24/17304,16/08/2013,23:37:00,397447,4572427,Olivella,RMS,"0,0000",; ; ; sitges; 
13/24/17303,16/08/2013,23:19:00,392099,4589148,Sant Pere de Riudebitlles,RMS,"0,0000",; ; ; vilafranca i capellades; 
13/24/15867,29/07/2013,13:38:00,384346,4579433,St. Martí Sarroca,REMS,"0,0000",
13/24/15835,29/07/2013,2:12:00,414300,4570300,Gavà- Begues,REMS,"0,0000","Bruguers- Can Espinòs; ; ; 5.01.90, no el troben; "
13/24/15831,29/07/2013,1:53:00,396721,4576581,Avinyonet de Penedès- Olerdola,REMS,"0,0000",
13/24/15307,22/07/2013,15:24:00,372963,4596496,Santa Maria de Miralles,REMS,"0,0000",BRPs no poden arribar degut a camins enpantanegats..ha embarrancat un camió; ; ; EPAF I bombers amb eines manuals; 25BE18
13/24/14563,13/07/2013,22:10:00,368145,4609598,Montmaneu,REMS,"0,0000",; ; ; ; 24BC-04
13/24/14363,11/07/2013,17:54:00,376129,4585839,Pontons,REMS,"0,0000",extingeix ADF; ; ; ; 26BG22
13/24/14357,11/07/2013,17:03:00,397648,4574181,Olivella,REMS,"0,0000",; ; ; ; 30BJ-03
13/24/14350,11/07/2013,16:39:00,403244,4580794,Olesa de Bonesvalls,REMS,"0,0000",; ; ; ; 31BH-24
13/24/14348,11/07/2013,16:32:00,401927,4591567,Sant Llorenç d'Hortons,REMS,"0,0000",crema somort; ; ; ; 31BF-17
13/24/14344,11/07/2013,16:26:00,404428,4587430,Gelida,REMS,"0,0000",zona agrícola; ; ; ; 31BG-15
13/24/14342,11/07/2013,16:21:00,406793,4596628,Abrera,REMS,"0,0000",; ; ; ; 32BE-17
13/24/14335,11/07/2013,16:12:00,402323,4595675,Masquefa,REMS,"0,0000",zona agrícola; ; ; ; 31BE-03
13/24/14334,11/07/2013,16:09:00,390734,4611862,Castellfollit del Boix,REC,"0,0000",entre maians i castellfollit del boix; ; ; ; 29BB-16
13/24/14328,11/07/2013,15:55:00,402005,4595973,Masquefa,REMS,"0,0000",foc a la capçada d'un pi; ; ; ; 31BE23
13/24/12331,21/06/2013,18:50:00,391401,4600247,La Pobla de Claramunt,REMS,"0,0000","Sota un pi, EM; ; ; 50230; 29BD22"
13/24/12310,21/06/2013,16:47:00,393190,4595913,Piera - Badorc,REMS,"0,0000",; 51130; ; ; 29BE24
13/23/11814,06/09/2013,14:44:00,413954,4618805,Mura,REC,"0,0000",0.44.91; 
13/23/11809,06/09/2013,17:51:00,434117,4625141,Centelles,REC,"0,0000",
13/23/11807,06/09/2013,17:02:00,424143,4632041,Moià,REC,"0,0000",
13/23/11804,06/09/2013,16:49:00,416241,4627365,Calders,REC,"0,0000",
13/23/11801,06/09/2013,16:34:00,393076,4613012,Castellfollit del Boix,REC,"0,0000",
13/23/11799,06/09/2013,16:31:00,411188,4613012,Pont de Vilomara i Rocafort,REC,"0,0000",
13/23/11153,22/08/2013,19:33:00,397120,4695917,Talltendre-La Bastida,REC,"0,0000",; ; BELL+50.11; 
13/23/10880,16/08/2013,18:09:00,363835,4649771,Pinell de solsonès,REC,"0,0000","Consell comarcal avisa de caiguada llamp, tan sols s'enten la olor de fum; ; ; sant llorenç i epaf solsona; "
13/23/10740,14/08/2013,8:48:00,431222,4628000,Moià,REC,"0,0000",; ; ; moià; 
13/23/09914,29/07/2013,12:23:00,450604,4643956,Vilanova de Sau,REC,"0,0000",; ; ; el troben; 
13/23/09910,29/07/2013,12:27:00,397744,4593830,Oristà,REC,"0,0000",; ; ; el troben; 
13/23/09906,29/07/2013,11:24:00,407196,4638471,Balsareny,REC,"0,0000",; ; ; el troben; 
13/23/09896,29/07/2013,8:07:00,396966,4593849,Sallent,REC,"0,0000",; ; ; el troben; 
13/23/09890,29/07/2013,2:04:00,400679,4624929,Snt. Joan de Vilatorrada,REC,"0,0000",Llamp que ha encès bales de palla sobre el sembrat; ; ; ; 
13/23/09561,22/07/2013,16:25:00,397815,4630554,Suria,REC,"0,0000",; ; ; ADF; 30AX23
13/23/09554,22/07/2013,18:15:00,413809,4644027,Gaià,REC,"0,0000",
13/23/09451,20/07/2013,19:51:00,414855,4629126,Artés,REC,"0,0000",; ; ; ; 33AY-05
13/23/09385,19/07/2013,20:25:00,439254,4633472,Seva,REC,"0,0000",crema en somort; ; ; ; 
13/23/09274,17/07/2013,23:43:00,420075,4636246,Santa Maria d'Olo,REC,"0,0000",; ; ; han actuat ADFs; 
13/23/09265,17/07/2013,17:53:00,420331,4636623,Santa Maria d'Olo,REC,"0,0000",al costat camp futbol; ; ; han actuat ADFs; 35AW-16
13/23/09093,13/07/2013,16:37:00,365853,4661169,Odèn,RELL,"0,0000",baixa intensitat; ; ; graf lleida helitransportat; 24SR-16
13/23/09066,13/07/2013,21:59:00,397570,4645222,Viver i Serrateix,REC,"0,0000",; ; ; ; 30AU-23
13/23/09065,13/07/2013,21:24:00,390334,4646480,Montmajor,REC,"0,0000",; ; ; ; 29AU-16
13/23/09058,13/07/2013,19:27:00,375915,4647608,Olius,REC,"0,0000",rencs de palla. Poca cosa; ; ; ; 26AU-11
13/23/09056,13/07/2013,19:10:00,407283,4654368,Gironella,REC,"0,0000",; ; ; ; 32AT-03
13/23/08963,11/07/2013,15:46:00,391264,4609739,Castellfollit del Boix,REC,"0,0000",sotabosc; ; ; ; 29BC02
13/23/08961,11/07/2013,15:30:00,404834,4610290,Castellbell i el Vilar,REC,"0,0000",; ; ; ; 31BB-25
13/0411023,08/08/2013,10:37:00,329805,4560435,Riudecols,RET,"0,0000",; ; ; FALS03; 16BL25
13/0310548,16/08/2013,17:49:00,321676,4712960,"Vall de Boí, La",RELL,"0,0000","Vall de Boí, 0.50.32 i 3.25.90 (pont de suert); ; ; pont de suert; "
12/26/06544,23/08/2013,13:19:00,263914,4512666,La sénia,RETE,"0,0000",foc del dia enterior; ; ; ; 03BV-10
12/26/05910,28/07/2012,20:18:00,291100,4520925,Tortosa,RETE,"0,0000",
12/26/05141,05/07/2012,18:04:00,294200,4564954,Flix,RETE,"0,0030",- - -  73032
12/25/20891,07/08/2012,10:41:00,421783,4614671,Caldes de Montbui,REMN,"0,0000",
12/24/15296,05/07/2012,14:56:00,376679,4610671,Copons,REMS,"0,0000",- - -  51191
12/23/12961,08/09/2012,18:55:00,429086,4645698,Sant Bartomeu del Grau,REC,"0,0003","Ha cremat un arbre i em2 de massa forestal- - - 11434, 12134, 11130 "
12/23/12607,31/08/2012,18:29:00,387074,4676633,Gósol,REC,"0,0025",- 28AO18- 28AO18-  
12/23/12495,30/08/2012,10:06:00,393957,4681356,Saldes,REC,"0,2000",
12/23/11236,06/08/2012,17:40:00,369556,4642032,Peracamps,REC,"0,0000",
12/23/09563,05/07/2012,15:51:00,391966,4646301,Cardona-Montmajor,REC,"0,0000",- - -  Apagat
12/23/09556,05/07/2012,15:09:00,402877,4628689,Castellnou de Bages,REC,"0,0000",- - -  Plou
12/23/09552,05/07/2012,14:36:00,391890,4645901,Cardona- Gargallà,REC,"0,0000",- - -  5012
12/23/09549,05/07/2012,14:15:00,395062,4653772,Montmajor,REC,"0,0000",- - -  11630
12/23/09548,05/07/2012,14:09:00,394197,4646034,Montmajor,REC,"0,0000",- - -  10530
202603269,06/062020,20:30:00,295376,4560847,Ascó,RETE,"0,0025",
202517976,29/05/2020,18:43:00,444140,4598476,Vilassar de Dalt,REMN,"0,0000",
200408255,05/06/2020,14:52:00,350125,4581515,Montblanc,RETE,"0,1000",
192606843,27/08/2019,18:35:00,308536,4533844,Ametlla de Mar,RETE,"0,0004",
192605720,26/07/2019,16:32:00,276231,4545477,Bot ,RETE,"0,0322",
192605718,26/07/2019,16:07:00,283058,4549972,Gandesa,RETE,"0,0600",
192605716,26/07/2019,15:34:00,287033,4541864,Pinell de Brai,RETE,"0,0400",
192605714,26/07/2019,14:48:00,306619,4550191,Tivissa,RETE,"0,0005",
192605373,17/07/2019,15:30:00,250543,4519712,Tortosa,RETE,"0,1000",
192605261,14/07/2019,16:29:00,295401,4554108,Móra d'Ebre,RETE,"0,0100",
192604982,06/07/2019,21:33:00,282425,4530706,Alfarà de Carles,RETE,"0,0000",
192604980,06/07/2019,20:08:00,303560,4535259,Tivissa,RETE,"0,0030",
192604978,06/07/2019,19:44:00,293789,4535068,Tivenys,RETE,"0,0100",
192603950,06/06/2019,20:51:00,288294,4494595,Ulldecona,RETE,"0,0250",
192522649,18/07/2019,19:30:00,427900,4590324,Collserola,REMN,"0,0010",
192521859,14/07/2019,15:04:00,445039,4593708,Premià de Dalt,REMN,"0,0000",
192521857,14/07/2019,14:49:00,446407,4596955,Vilassar de Dalt,REMN,"0,0000",
192420812,13/08/2019,14:20:00,399961,4570015,Sant Pere de Ribes,REMS,"0,0000",
192416734,09/07/2019,15:34:00,406321,4596712,Arbrera,REMS,"0,0010",
192416481,07/07/2019,13:02:00,373856,4605870,Argençola,REMS,"0,0250",
192312204,14/09/2019,13:06:00,419838,4680275,Castellar de n'Hug,REC,"0,0100",
192312022,10/09/2019,1:55:00,408434,4627238,Sallent,REC,"0,0000",
192308785,08/07/2019,10:13:00,390266,4624391,Fonollosa,REC,"0,0010",
192308685,06/07/2019,21:14:00,392312,4612275,Castellfollit del Boix,REC,"0,0050",
192308548,04/07/2019,16:08:00,418703,4661121,Borredà,REC,"0,4000",
192308500,03/07/2019,19:03:00,370656,4647996,Castellar de la Ribera,REC,"0,0002",soca
192308497,03/07/2019,18:20:00,380850,4647583,Olius,REC,"0,0020",
192308496,03/07/2019,18:10:00,393108,4638314,Cardona,REC,"0,0000",
192308494,03/07/2019,17:37:00,400052,4650821,Montclar,REC,"0,0002",soca
190414541,12/08/2019,7:07:00,352761,4597930,Conesa,RET,"3,4200",
190413132,26/07/2019,17:28:00,320499,459712,Pratdip,RETE,"0,0972",
190411692,08/07/2019,15:55:00,358697,4601038,Savallà del Comtat,RET,"0,0200",
190411539,06/07/2019,20:55:00,376591,4598124,Santa Maria de Miralles,REMS,"0,0000",
190312630,30/08/2019,17:04:00,310503,4648215,Àger,RELL,"0,0010",
190310839,28/07/2019,18:03:00,317912,4718857,Senet,RELL,"0,0005",
190309490,05/07/2019,12:46:00,358812,4722347,Lladorre,RELL,"0,0000",
190224289,02/09/2019,9:14:00,498071,4650491,La Pera,REG,"0,0000",
190221919,13/08/2019,12:27:00,476279,4642082,Bescanó,REG,"0,0050",
190221766,12/08/2019,10:54:00,485009,4692210,Darnius,REG,"0,0200",
190221734,12/08/2019,7:10:00,513521,4685953,El Port de la Selva,REG,"0,0000",
190219823,27/07/2019,13:15:00,507026,4690539,Vilamaniscle,REG,"0,0000",
190219753,26/07/2019,20:30:00,483042,4685107,Sant Llorenç de la Muga,REG,"0,0000",
190217411,07/07/2019,14:49:00,481660,4687144,Sant Llorenç de la Muga,REG,"0,0000",
190216092,27/06/2019,14:29:00,428150,4676690,Campdevànol,REG,"0,1800",
182607505,07/09/2018,15:08:00,268246,4549690,Caseres,RETE,"0,0005",
182607179,28/08/2018,16:12:00,294097,4526181,Bítem,RETE,"0,0020",
182606622,11/08/2018,18:46:00,282848,4514570,Roquetes,RETE,"0,0000",
182606545,09/08/2018,18:42:00,289831,4491475,Alcanar,RETE,"0,0000",
182606535,09/08/2018,16:24:00,283919,4497174,Ulldecona,RETE,"0,1500",
182605870,20/07/2018,21:58:00,291327,4542292,Pinell de Brai,RETE,"0,0010",
182605608,13/07/2018,12:28:00,312976,4543259,Tivissa,RETE,"0,9000",
182605434,10/07/2018,17:13:00,294480,4528359,Bítem,RETE,"0,0300",
182528898,12/09/2018,18:37:00,422802,4598329,Sant Quirze del Vallès,REMN,"0,0000",
182528889,12/09/2018,18:20:00,415605,4599733,Terrassa,REMN,"0,0000",
182526499,23/08/2018,19:30:00,453024,4607016,Dosrius,REMN,"0,0000",
182525684,17/08/2018,14:31:00,436561,4590966,Badalona,REMN,"4,0000",repren i desperta altre cop al dia següent originant foc forestal de 4 ha
182525469,16/08/2018,17:55:00,429345,4598815,Santa Perpètua de Mogoda,REMN,"0,0000",
182524670,09/08/2018,17:01:00,447311,4596356,Vilassar de Dalt,REMN,"0,0000",
182424582,12/09/2018,18:48:00,404879,4588518,Gelida,REMS,"0,0000",
182424578,12/09/2018,18:36:00,392242,4588696,Torrelavit,REMS,"0,0000",
182424544,12/09/2018,17:58:00,409288,4592396,Martorell,REMS,"0,0000",
182421966,17/08/2018,16:10:00,411340,4590475,Castellví de Rosanes,REMS,"0,0100",
182421863,17/08/2018,13:38:00,410654,4591632,Martorell,REMS,"0,0050",
182421684,15/08/2018,11:35:00,378496,4615693,Rubió,REMS,"0,0000",
182421159,10/08/2018,11:49:00,392065,4594206,Cabrera d'anoia,REMS,"0,0020",
182421054,09/08/2018,16:49:00,399232,4565192,Sitges,REMS,"0,0000",
182420983,09/08/2018,4:06:00,405129,4587043,Gelida,REMS,"0,0005",
182420982,09/08/2018,3:58:00,387950,4591304,Sant Quintí de Mediona,REMS,"0,0010",
182419321,24/07/2018,19:35:00,385198,4608114,Òdena,REMS,"0,0003",
182419068,22/07/2018,15:52:00,386419,4570846,Castellet i la Gornal,REMS,"0,0000",
182418292,11/07/2018,17:58:00,371973,4603268,Argençola,REMS,"0,0000",
182412331,22/05/2018,16:45:00,395175,4606747,El Bruch,REMS,"0,0025",
182311772,12/09/2018,18:37:00,391552,4618808,Rajadell,REC,"0,0000",
182311769,12/09/2018,18:15:00,401662,4625954,Santpedor,REC,"0,0000",
182311154,29/08/2018,20:16:00,419639,4652501,Lluçà,REC,"0,0000",
182310616,17/08/2018,16:29:00,436221,4634446,Tona,REC,"0,0000",
182310563,16/08/2018,20:58:00,398333,4695154,Talltendre,REC,"0,0000",
182310190,09/08/2018,6:31:00,366200,4644728,Pinell de Solsonès,REC,"0,0150",
182309015,16/07/2018,8:54:00,405035,4629688,Castellnou de Bages,REC,"0,0300",restes rompuda
182305118,25/04/2018,15:35:00,369606,4660566,Lladurs Solsones,REC,"0,1000",
180417119,13/09/2018,11:15:00,368301,4558206,Creixell,RET,"0,0000",
180416045,29/08/2018,15:07:00,358028,4602963,Llorac,RET,"0,0550",
180416037,29/08/2018,9:54:00,339299,4592829,Senan,RET,"0,0000",
180416002,29/08/2018,8:10:00,341826,4592777,Senan,RET,"0,0600",
180415971,28/08/2018,16:52:00,317041,4560850,Falset,RETE,"0,0002",
180415182,17/08/2018,13:21:00,376764,4563797,El Vendrell,REMS,"0,0000",
180414567,09/08/2018,18:38:00,373987,4559729,El Vendrell,RET,"0,0000",
180414559,09/08/2018,16:38:00,372257,4572548,La Bisbal del Penedés,RET,"0,0000",
180413133,20/07/2018,20:09:00,352665,4602150,Vallfogona de Riucorb,RET,"0,0010",Bales de palla apilades
180409768,06/06/2018,7:38:00,377731,4563268,Vendrell- Joan Toldrà Matines,RET,"0,0010",
180409763,06/06/2018,7:06:00,382333,4561425,Calafell-c/ Albània,REMS,"0,0002",Una palmera
180405060,28/03/2018,17:35:00,319527,4566669,Poboleda,RET,"0,0180",
180312258,09/09/2018,17:23:00,335079,4587824,Tarrés,RELL,"0,0000",
180311330,22/08/2018,19:30:00,344194,4637578,Seró,RELL,"0,0400",
180311329,22/08/2018,18:41:00,336987,4639670,Vernet,RELL,"0,0080",
180311005,17/08/2018,2:28:00,352616,4636070,Oliola,RELL,"0,0000",
180310833,13/08/2018,16:38:00,362658,4656174,Ogern,RELL,"0,2700",
180310659,10/08/2018,12:08:00,358891,4610292,Ribera d'Ondara,RELL,"0,0000",
180310501,08/08/2018,0:05:00,346382,4656455,Sant Cristofol de la Donzell,RELL,"0,5800",
180309504,20/07/2018,20:20:00,316602,4603082,Juneda,RELL,"0,0030",camp de blat
180220472,07/08/2018,14:19:00,476734,4678384,Albanyà,REG,"0,0000",
180220360,06/08/2018,16:13:00,476734,4678384,Albanyà,REG,"0,0200",El 6 no es troba. El 7 a les 14:19 torna a sortir i s´apaga
180218775,24/07/2018,15:40:00,493421,4657264,Cervià de Ter,REG,"0,0000",Plantació de palmeres
180218373,20/07/2018,19:38:00,476242,4655035,Canet d'Adri,REG,"0,0000",
180217810,16/07/2018,11:16:00,480770,4662260,Banyoles,REG,"0,0004",Crema un xiprer dins d'unjardí
180216871,07/07/2018,20:06:00,488729,4621559,Tossa de Mar,REG,"0,0200",extinció amb LA
172606623,24/08/2017,14:35:00,272820,4547115,Caseres,RETE,"0,1600","50.60, 5061,5008; 4391, 2831,2634, 2230, 3092"
172606616,24/08/2017,12:09:00,273262,4517835,Roquetes,RETE,"0,0000","personal helitransportat 50.60, 5061.50.71, 50.85 i 50.87; 30.31"
172605731,27/07/2017,16:27:00,295999,4531876,Tivenys,RETE,"106,3900",; 
172605529,22/07/2017,14:03:00,274130,4559490,La Pobla de Massaluca,RETE,"0,0200",
172604708,28/06/2017,16:50:00,312354,4535413,Tivissa (coll del ferro),RETE,"0,4000",olorat per severino i passat avís a tivissa; 5071+gTGN-72930+72030...
172604693,28/06/2017,11:46:00,312222,4534585,Tivissa (Senén),RETE,"0,0100","vist amb el vol de llamps 5071+GRAF TGN; 05071, GTGN, 72031"
172604618,27/06/2017,4:17:00,279216,4527066,Alfara de Carles,RETE,"0,0500",; 
172603512,19/05/2017,13:36:00,274919,4514635,Mas de Barberans,RET,"0,0250",
172526092,31/08/2017,14:39:00,448920,4598485,Cabrera de Mar,REMN,"0,0020",; 40930
172521837,23/07/2017,19:30:00,422246,4614728,Sant Llorenç Savall,REMN,"0,0000",El Collet; 41730
172418149,23/07/2017,13:10:00,374041,4592906,Sta. Maria de Miralles,REMS,"0,0000",
172418051,23/07/2017,19:04:00,412703,4583580,Cervelló,REMS,"0,0000",
172417902,22/07/2017,15:39:00,397708,4603196,Els Hostalets de Pierola/Bruc,REMS,"0,0516",; 
172417782,21/07/2017,13:07:00,402820,4599043,Esparreguera,REMS,"0,0001","Mas d'en Gall; 51030, 50037"
172417776,21/07/2017,12:12:00,390379,4586901,Torrelavit,REMS,"0,0000","Can Raspall dels Horts; 51830, 50034"
172311685,07/09/2017,13:08:00,405882,4642957,Puig-reig,REC,"0,0200",; 1630 puig reig
172310655,16/08/2017,14:35:00,421693,4649391,Olost,REC,"0,0010",La Sala; 11430; 11434
172310624,15/08/2017,19:27:00,392449,4628221,Sant Mateu del Bages,REC,"0,0000",; 
172310624,15/08/2017,19:35:00,406825,4630457,Sallent,REC,"0,0002",; 4491
172310621,15/08/2017,19:20:00,419981,4636041,Santa Maria d'Oló,REC,"0,0000",; 
172310618,15/08/2017,18:56:00,410236,4641194,Gaià,REC,"0,0400",; 
172310617,15/08/2017,18:39:00,373792,4620366,Calonge de Segarra,REC,"0,0020",
172310614,15/08/2017,16:00:00,382618,4661898,"Navès, Presa de LlosaCaval",REC,"0,0200",; 5081/ 5082
172309361,20/07/2017,13:04:00,369520,4649280,Castellar de la Ribera,REC,"0,2841", 04391/90
172309347,20/07/2017,9:46:00,372500,4657500,Lladurs,REC,"0,0020",
172309341,20/07/2017,7:55:00,374259,4651125,Olius,REC,"0,0001","Casa Masnou; 11930, 11991"
172308754,08/07/2017,11:57:00,380639,4658561,Navés,REC,"0,1500","05041, 05010, 10530, 10531, 11830, 11890, 11930, 11934"
172307735,21/06/2017,16:09:00,413560,4626725,Artés,REC,"0,0000",; 
172307655,20/06/2017,18:49:00,262573,4647027,Pinell de Solsonès,REC,"0,0000",
170418809,05/11/2017,14:32:00,369919,4586222,Querol,RET,"0,0020",valls i ADFs; 61330
170412812,02/08/2017,10:08:00,338400,4578077,Vimbodí i Poblet,RET,"0,2000",; 
170412067,23/07/2017,19:02:00,351174,4578271,Montblanc-Coll de l'illa,RET,"0,0030","Coll de l'Illa; 04690, 60630"
170411814,21/07/2017,12:02:00,349990,4576884,Picamoixons,RET,"0,0001","Tutó de'n Manel; 61334, 61390, 05071, GRAFTGN, GRAF03"
170411807,21/07/2017,11:26:00,313194,4552535,Capçanes,RET,"0,0000",
170410248,28/06/2017,18:23:00,326462,4559572,Duesaigües,RET,"0,0000",04094 i 60431
170410100,26/06/2017,19:30:00,339619,4589795,L'Espluga de Francolí (Senant),RET,"0,0375",; 
170312262,10/09/2017,15:38:00,359435,4664225,Peramola,RELL,"0,1300","50,30; 50,32; 50,31; 50,11; 50,81 i 83.; oliana, balaguer seu i organyà: 32234, 32230, 32290, 30690, 30630, 30096, 32931, 32330,30091,30092, 04391, 11934"
170311542,26/08/2017,19:56:00,281150,4616959,Gimenells i el Pla de la Font,RELL,"0,0000",; 0333; 1234
170310952,15/08/2017,14:52:00,335368,4772426,"Conca de dalt, Sant Corneli",RELL,"0,0200",; 5031
170309590,21/07/2017,11:52:00,326673,4697256,Avellanos,RELL,"0,0000",5032
170308942,09/07/2017,17:24:00,361171,4614325,Vergós Guerrejat,RELL,"5,7000",
170308938,09/07/2017,16:29:00,319747,4591142,Cervià de des Garrigues,RELL,"0,0300",Pallissa del Rovellat; 60631+05061
170308930,09/07/2017,13:53:00,327279,4585869,Albi,RELL,"0,0500",3BRPs+05061
170308896,08/07/2017,21:22:00,316310,4593135,Castelldans,RELL,"0,0000",Costat de la carretera; 30730
170308336,28/06/2017,21:34:00,368142,4612594,Sant Guim de Freixenet,RELL,"0,0010","04490, 10434, 33130, 33234"
170308175,26/06/2017,7:54:00,334015,4678874,Conca de Dalt,RELL,"0,0020",; 
170308142,25/06/2017,16:10:00,354496,4642305,Vilanova de l'Aguda,RELL,"0,0370",; 
170307807,21/06/2017,16:28:00,357867,4656505,Nuncarga (Peramola),RELL,"0,0000",; 
170307502,16/06/2017,14:51:00,329790,4642014,Alòs de balaguer,RELL,"0,0320",lloc innaccessible. Focus 1 cau brases i encen una altre punt mes avall; 
170220341,12/08/2017,12:36:00,491474,4648588,Juià,REG,"0,0500","; GRAFGi, 20093, 21130, 20830, 20036, 05020"
152700749,17/07/2015,20:11:00,331530,4726980,Val de Ruda,ARAN,"0,0010",localitzat dia 16 i etxingit dia 17 eines manuals i maer; 5032
152605007,19/07/2015,22:07:00,261734,4515291,La Senia- Punta del Boixet,RETE,"0,0005",
152604166,22/06/2015,20:37:00,287473,4536071,Benifallet,RETE,"0,0000",
152603827,10/06/2015,14:29:00,282535,4525201,Reguers,RETE,"0,0000",
152602493,16/04/2015,15:08:00,302647,4550304,Mora d'Ebre,RETE,"0,0000",en un canyar. No poen accedir pq llisca molt. Treball amb eines manuals; 
152416168,20/07/2015,14:48:00,390563,4603015,La Pobla de Claramunt-Els Mollons,REMS,"0,0300",
152416166,20/07/2015,14:31:00,372496,4600816,Sant Martí de Tous,REMS,"0,0000",nomes un  arbre; 
152411974,08/06/2015,14:42:00,381148,4597307,Orpí,REMS,"0,0020",un pi; 
152411969,08/06/2015,14:03:00,384249,4590146,Font-Rubi,REMS,"0,0060",
152411273,31/05/2015,15:59:00,379037,4590639,La Llacuna,REMS,"0,0004",
152411272,31/05/2015,15:17:00,377616,4592444,La Llacuna,REMS,"0,0010",
152411270,31/05/2015,14:51:00,371942,4599110,Bellprat,RET,"0,0000",
152308584,18/07/2015,18:58:00,310914,4637078,Ós de Balaguer,RELL,"0,0000",
152308537,17/07/2015,17:47:00,400368,4698079,Bellver de Cerdanya,REC,"0,0000",
152308104,08/07/2015,,393391,"4645297,2",Cardona,REC,"2,5000", les coordenades son les del llamp del dia 23/8; 
152307341,23/06/2015,19:36:00,379846,4649007,El Pi de Sant Just,RETE,"0,5000",
152306795,11/06/2015,17:44:00,394230,4646262,Viver i Serrateix,REC,"0,0000",
152306792,11/06/2015,15:31:00,394616,4635355,Navas,REC,"0,0000",
150408672,23/06/2015,15:01:00,367693,4598940,Santa Coloma de Queralt,RET,"0,0000",
150407861,09/06/2015,15:52:00,319571,4562057,Porrera,RET,"0,0000",
150407859,09/06/2015,14:58:00,316361,4560796,Gratallops,RET,"24,3000",
150407858,09/06/2015,14:54:00,339168,4572479,Mont-Ral,RET,"0,0000",
150407856,09/06/2015,14:45:00,322481,4561396,Porrera,RET,"0,0000",
150308408,17/07/2015,16:53:00,350636,4699110,Beraní,RELL,"0,0020",vist vespre dia 16 pero no trobat fins tarda 17; 
150306424,10/06/2015,13:03:00,366046,4683057,Els Hostalets de Tost,RELL,"0,0000",
150306340,08/06/2015,16:24:00,343141,4645180,Montmagastre,RELL,"0,0010",
150215584,17/07/2015,19:01:00,429237,4683343,Campelles,REG,"0,0010",un Z6 pel llamp; 
150213257,23/06/2015,7:50:00,481049,4674538,Maià de Montcal,REG,"0,0000",
143605233,19/07/2014,1:41:00,289744,4564632,Flix,RETE,"0,1800",
142607063,14/09/2014,16:25:00,295079,4521286,Tortosa,RETE,"0,0000",
142606867,06/09/2014,20:00:00,308777,4543071,Tivissa,RETE,"0,0500",L' ha detectat Marc passejant el gos
142606564,28/08/2014,22:21:00,309697,4541618,Tivissa,RETE,"0,0500","Punts de foc, no front"
142606348,22/08/2014,18:24:00,311482,4524336,L'Ametlla de Mar,RETE,"0,0000",
142606345,22/08/2014,15:32:00,277880,4542134,Horta de Sant Joan,RETE,"0,0000",Una soca
142605436,25/07/2014,7:02:00,297632,4560232,Vinebre,RETE,"0,0010","72230; VA,  Mas de Prades"
142604814,04/07/2014,7:19:00,243880,4499033,Ulldecona,RETE,"0,0000",Un arbre que crema per dins i ha trencat branques
142604753,01/07/2014,20:01:00,293251,4535720,Tivenys,RETE,"2,0000",
142604752,01/07/2014,20:00:00,283881,4500153,Ulldecona,RETE,"0,0020",
142604750,01/07/2014,18:52:00,289505,4536382,Benifallet,RETE,"0,0020",
142604749,01/07/2014,18:21:00,307509,4535421,Tivissa,RETE,"2,0000",
142604747,01/07/2014,16:18:00,289147,4573994,Riba-roja,RETE,"0,0100",
142604746,01/07/2014,17:55:00,296500,4543000,Miravet,RETE,"0,0000",
142604322,15/06/2014,16:55:00,306108,4540759,Tivissa,RETE,"890,0000",
142604303,15/06/2014,0:04:00,301508,4542847,Ginestar,RETE,"13,5000",
142604252,13/06/2014,8:07:00,274465,4547671,Caseres,RETE,"0,0060",
142602672,11/04/2014,16:26:00,288795,4497138,Ulldecona,RETE,"0,0000",
142518073,25/07/2014,11:17:00,415192,4602165,Viladecavalls,REMN,"0,0100",42030
142518071,25/07/2014,11:07:00,446849,4599625,Òrrius,REMN,"0,0100",40130
142518054,25/07/2014,9:07:00,440178,4594564,Alella,REMN,"0,0000",40230
142518044,25/07/2014,7:38:00,409440,4604993,Vacarisses,REMN,"0,0000",42030
142418665,08/09/2014,16:48:00,381662,4581166,Sant Martí Sarroca,REMS,"0,0000","Petit foc per un llamp, uns marges"
142415766,02/08/2014,15:37:00,400270,4604320,"Bruc, El",REMS,"0,0025",11022
142415755,02/08/2014,14:40:00,384930,4580940,Sant Martí Sarroca,REMS,"0,0000","50.41, 5.06.31, 5.11.30, 5.19.30"
142415752,02/08/2014,14:17:00,382014,4575900,Castellví de la Marca,REMS,"0,0000",5.18.30 i 5.18.31
142415750,02/08/2014,14:12:00,405649,4603082,Esparreguera,REMS,"0,0000",11236
142415746,02/08/2014,13:29:00,390857,4586317,Torrelavit,REMS,"0,0300",5.18.30
142415687,01/08/2014,16:55:00,380258,4595657,"Llacuna, La",REMS,"0,0100",Graf Bcn amb el 50.51
142415683,01/08/2014,16:23:00,388267,4593702,Mediona,REMS,"0,0005",10994
142415672,01/08/2014,12:54:00,389626,4602864,"Pobla de Claramunt,La",REMS,"0,0400",11175
142415671,01/08/2014,12:42:00,389367,4601029,"Pobla de Claramunt,La",REMS,"0,0015",10994
142415323,28/07/2014,11:24:00,396176,4608098,El Bruc,REM,"0,0000",
142415087,25/07/2014,10:41:00,383336,4613633,Rubió,REMS,"0,0000",50830; 04093
142415079,25/07/2014,9:55:00,372260,4598143,Bellprat,REMS,"0,0006",
142415067,25/07/2014,8:40:00,383599,4596696,Sta. Maria de Miralles,REMS,"0,0000",50930
142415066,25/07/2014,8:37:00,392277,4579843,La Granada,REMS,"0,0000","NO especifica res, va el  51831"
142415065,25/07/2014,8:30:00,419691,4581669,Sant Feliu de Llobregat,REMS,"0,0000",51540
142415063,25/07/2014,8:27:00,390751,4591475,Sant Quinti de Mediona,REMS,"0,0000",resolt AdF
142415048,25/07/2014,7:09:00,382788,4594721,Mediona,REMS,"0,0090",51830; Cremen uns pins aillats
142415045,25/07/2014,6:54:00,383572,4596696,Rofes -La Llacuna,REMS,"0,0300","50930;  ADF, Serra d'orpinell ""Les Berengueres"" diuen altre foc a la zona de vinyes"
142411349,13/06/2014,18:30:00,384976,4604188,Igualada,REMS,"1,8000",
142310626,31/08/2014,16:25:00,389695,4645182,Cardona,REC,"0,0150",
142309617,09/08/2014,1:44:00,421765,4620313,Granera,REC,"0,0000",1.11.31 Apagat per ADF 
142309616,09/08/2014,1:05:00,403462,4626664,Santpedor,REC,"0,0040",12693
142309614,09/08/2014,0:33:00,414464,4617730,Mura,REC,"0,0100",S'hi ha tornat a anar al matí el 09/09 (1.10.34 i 4.17.31)
142309336,02/08/2014,14:21:00,403404,4607228,Monistrol de Montserrat,REC,"0,0010",11232
142309303,01/08/2014,18:31:00,390469,4609290,Castellfollit del Boix,REC,"0,0000","1.06.30, no trobat"
142309302,01/08/2014,18:22:00,407569,4622706,Sant Fruitós de Bages,REC,"0,0015",12693
142309293,01/08/2014,16:03:00,403500,4672500,Vallcebre,REC,"0,0010",Apagat per ADF
142309064,27/07/2014,17:59:00,402763,4646607,Viver i Serrateix,REC,"0,0450",
142308941,25/07/2014,14:50:00,384885,4633454,Pinós- Vallmanya,REC,"0,0020",11330
142308935,25/07/2014,12:20:00,379401,4630487,Pinòs,REC,"0,0000",Apagat per agents Rurals
142308932,25/07/2014,12:16:00,408451,4618905,Pont de Vilomara i Rocafort,REC,"0,0000",11034
142308919,25/07/2014,10:23:00,388496,4637295,Cardona,REC,"0,0020",
142308912,25/07/2014,9:09:00,373511,4616418,Veciana,REC,"0,0000",paller
142308911,25/07/2014,8:49:00,390753,4610175,Castellfollit del Boix,REC,"0,0100",11030
142308910,25/07/2014,8:47:00,411590,4644728,Gaià- St.Esteve de Vilamaró,REC,"0,0030",11430
142308901,25/07/2014,7:36:00,414578,4631746,Avinyò,REC,"0,0000",11030
142308636,19/07/2014,14:42:00,392955,4638605,Cardona,REC,"0,5000",
142308524,17/07/2014,16:32:00,414788,4643656,Santa Maria de Merles,REC,"0,0300",al parte fica que és de llamp
142308162,19/07/2014,7:11:00,411466,4632375,Sallent,REC,"1,0000",
142307907,04/07/2014,19:16:00,426287,4642017,Muntanyola,REC,"0,0300","matolls i sotabosc al breeffing es comenta el fet que no es un llamp del dia sino de uns dies enrera, sense precissar."
142307805,02/07/2014,12:55:00,408403,4621009,Talamanca,REC,"0,0020",
142307804,02/07/2014,12:40:00,407343,4623081,Sant Fruitos de Bages,REC,"0,0005",
140413460,19/09/2014,6:35:00,321716,4571746,La Morera de Montsant,RET,"0,0030",Ha cremat una soca i un pi
140413363,25/07/2014,8:25:00,346450,4582250,Prenafeta,RET,"0,0000",5041
140413216,14/09/2014,13:43:00,350472,4596216,Forès,RET,"0,0040",ha cremat sotafosc
140413021,09/09/2014,18:53:00,337739,4562825,Maspujols,RET,"0,0300",
140411277,09/08/2014,19:05:00,359213,4595053,Sarral,RET,"0,0050",
140410886,02/08/2014,21:18:00,378754,4574206,St. Jaume dels Domenys,RETE,"0,0300",
140410856,02/08/2014,14:59:00,377733,4577030,"Montmell, El-Talaia",RET,"0,0389",50.51 i inspeccionat per Graf Bcn
140410854,02/08/2014,14:29:00,376258,4578972,"Montmell, El-Moixeta",RET,"0,1143",Graf Bcn amb el 50.51 i 6.13.34
140410401,25/07/2014,15:54:00,337834,4562231,Maspujols,RET,"0,0050",60830; 04093 i Graf BCN en el 50.51
140410399,25/07/2014,15:02:00,362532,4580538,El pont d'Armentera,RET,"0,8000",Confirmat es el servei del matí  va el 61334
140410396,25/07/2014,13:39:00,320455,4557770,Pradell de la Teixeta,RET,"0,0000",Sembla que es l'anterior tot i no estar relacionats
140410394,25/07/2014,13:27:00,324829,4562579,Alforja- Mas del Vicari,RET,"0,5000",15BL15
140410369,25/07/2014,9:45:00,376025,4581145,Pla de manlleu,RET,"0,0020",marge vinya 5051
140410368,25/07/2014,10:59:00,362532,4580538,El Pont d'Armentera,RET,"0,0000",
140410364,25/07/2014,8:41:00,358891,4588985,Sarral-  Serra de Comaverd,RET,"0,0050","Al despatx no especifica, crec que per emissora havien dit llamp."
140410362,25/07/2014,8:23:00,374713,4562204,El Vendrell,RET,"0,0000",5051
140410361,25/07/2014,8:23:00,370625,4575150,El Montmell,RET,"0,0000",
140410359,25/07/2014,8:03:00,325902,4565935,Arbolí,RET,"0,0002",Apagat per ADF
140410356,25/07/2014,7:57:00,375178,4563068,El Vendrell,RET,"0,0000",
140410355,25/07/2014,7:46:00,327269,4555849,Riudecanyes,RET,"0,0000",60530
140410351,25/07/2014,7:42:00,315863,4543537,Vandellòs ,RET,"0,0008",G00
140410350,25/07/2014,7:41:00,329855,4551477,Montroig del Camp,RET,"0,0020","Soca de pi, T310 pk14, va el 60530"
140410349,25/07/2014,7:38:00,340227,4565205,La Selva del Camp,RET,"0,0000","60830, 60130, 60092"
140410348,25/07/2014,7:35:00,347834,4575485,La Riba,RET,"0,0000",61330
140410346,25/07/2014,7:27:00,324511,4570731,Cornudella de Montsant,RET,"0,0000","No especifiquen si es llamp, ha costa trobar, va el 60730"
140410345,25/07/2014,7:26:00,331325,4560909,Riudecols,RET,"0,0050",17BL22 va el 60830
140410343,25/07/2014,7:22:00,318407,4555918,Falset,RET,"0,0000",4690
140410342,25/07/2014,7:16:00,345850,4571194,Alcover,RET,"0,0000",60130
140410336,25/07/2014,8:51:00,372145,4591118,Querol,RET,"0,0000",5071
140409983,19/07/2014,2:51:00,314030,4571116,Margalef,RET,"0,1500",Tgraf01
140310628,08/09/2014,4:27:00,320410,4629502,Vallfogona de Balaguer,RELL,"0,0000",
140308821,01/08/2014,18:13:00,340143,4599269,Rocallaura,RELL,"0,0005",3.31.30 diu crema un pi
140308813,01/08/2014,15:44:00,334100,4651192,Santa Maria de Meià,RELL,"0,0000","Plou a la zona, no veuen res"
140308501,25/07/2014,17:48:00,354225,4676522,Cabó,RELL,"0,0003",3.29.39
140308495,25/07/2014,15:45:00,334735,4591993,Fulleda,RELL,"0,0050", Graf Lleida en el 50.32 i  32030
140308476,25/07/2014,10:53:00,317818,4587159,Cervià de les Garrigues,RELL,"0,0000",
140308183,19/07/2014,14:42:00,368422,4626741,Ivorra,RELL,"1,0000",
140308158,19/07/2014,7:20:00,364554,4658132,Pampe,RELL,"0,0000",
140308156,19/07/2014,6:52:00,347665,4653722,La Baronia de Rialb,RELL,"0,0300",
140308149,19/07/2014,1:55:00,330750,4629775,Montgai,RELL,"0,0000",Sabem que és llamp perquè ho vam sentir per l'emissora
140308148,19/07/2014,1:42:00,319477,4655318,Ametlla del Montsec,RELL,"0,0000",Trobat el matí segünet per GRAF Lleida.
140308144,18/07/2014,23:16:00,322022,4640452,St Llorenç deMontgai,RELL,"0,0000",
140307420,02/07/2014,18:53:00,282729,4614612,Gimenells i el Plà de la Font,RELL,"0,0010",
140307414,02/07/2014,16:44:00,314897,4601448,Borges Blanques,RELL,"0,0000",
140215340,04/08/2014,16:33:00,505781,4643026,Fonteta,REG,"0,0020",
140215047,01/08/2014,19:49:00,511105,4642256,Palafurgell,REG,"0,0000","2.18.30 Plou a la zona, no l' han trobat"
140215044,01/08/2014,19:19:00,500792,4647591,"Cruïlles, Monells i Sant Sadurní de l' Heura",REG,"0,0001",2.04.30 sota la linia electrica
140214546,26/07/2014,11:55:00,493693,4669471,Pontòs,REG,"0,0005",21434; 21092; 21030
140211167,13/06/2014,14:47:00,470275,4639250,Brunyola,REG,"0,0005",
140211165,13/06/2014,14:44:00,493956,4620429,Tossa de Mar,REG,"0,0020",
140211163,13/06/2014,14:32:00,461545,4619380,Riells i Viabrea,REG,"0,0500",
19410221,22/06/2019,14:30:00,409978,4673295,La Nou de Berguedà,REC,"0,0050",
18241971,22/07/2018,16:02:00,387727,4573582,Santa Margarida i els Monjos,REMS,"0,0000",
6519626,03/09/2015,5:34:00,522898,4680929,Cadaquès,REG,"0,0100","GRAF, van al dia següent a mirar-ho.; "
5685413,29/07/2016,18:59:00,454509,4687977,Camprodon,REG,"0,0800","cau llamp i s'encen immdeiat ; 22130,5022,D0 ; Plou quan estabilitzat i s'aopaga"
5523609,02/08/2015,12:08:00,475464,4690064,Maçanet de Cabrenys,REG,"0,0001", GRAF G helitransportats amb 50.51
5421342,22/07/2016,14:09:36,512037,4660733,l'escala,REG,"0,0000",
5216439,14/08/2013,13:51:00,426554,4686900,Planoles,REG,"0,0000",; ; ; ripoll; 
4704368,29/07/2013,3:43:00,516975,4687550,ElPort de la Selva,REG,"0,0000","3 focus dalt del turo la pluja els apaga i de tant en tant revifa , dificil recerca; ; ; ; "
4311733,16/07/2013,19:28:00,471737,4657500,Granollers de Rocacorba,REG,"0,0000",; ; ; ; 45AS-12
4157236,11/07/2013,15:25:00,476180,4622040,Maçanet de la Selva,REG,"0,0000",; ; ; ; 46AZ12
4138304,31/08/2015,20:31:00,342074,4587891,L'espluga de francolí,RET,"0,0060",; 
4136113,31/08/2015,19:47:00,322301,4564185,Porrera ,RET,"0,0010",; 
4134652,31/08/2015,19:27:00,340422,4592194,Senan,RET,"0,0000",matolls s'ho fan sols; 
3565570,01/09/2012,18:07:00,36177,4701014,Montferrer i Castellbó,RELL,"0,2800","- - -  TGRAF01, BRAF01, …"
3515166,29/08/2012,18:16:00,382097,4696213,Bescaran - Estamariu,RELL,"0,0450",- 27AK18- 27AK18-  GRAF Lleida
3498730,28/08/2012,17:41:00,353157,4980196,Taús- La guardia d'Ares,RELL,"0,2000",- 21AN24- 21AN24- portàtils de graf Lleida GRAF Lleida i Tarragona
3493617,28/08/2012,11:17:00,359102,4702915,Romadriu,RELL,"0,0150","- 22AJ15- 22AJ15- 05071 com graf tarragona,33030 Graf tarragona"
3488138,28/08/2012,6:56:00,335346,4699467,Torre de Cabdella,RELL,"0,0020",- 18AK01- 18AK01- 04391 Graf lleida
3460047,13/08/2013,16:34:00,339177,4575636,Farena,RET,"0,0000",combustible fi i alguna soca de gruixut de 100h. Superfície baixa intensitat; ; ; graf  tarragona-Naranjo; 
3281780,31/08/2015,21:29:00,342386,4691758,Soriguera,RELL,"0,0000",; 
3279251,28/07/2012,20:42:00,317869,4546075,Pratdip,RET,#VALUE!,"- - - 04690, 04691, 04093, 04491, 12191 : total 22 vehicles "
3221634,17/08/2013,9:09:00,365122,4604622,Talavera,RELL,"0,0000",; ; ; cervera; 
3189370,06/08/2012,14:38:00,374491,4670551,Vansà - El Prat de Casalí - Figols i Alinya,RELL,"0,0020",Una soca a una tartera- - -  SEU
3160152,16/08/2013,18:31:00,335477,4624574,Castellserà,RELL,"0,0000",Està a la banda oest del canal de reg; ; ; ; 
3147003,16/08/2013,19:25:00,342592,4659295,Isona Conca Dellà,RELL,"0,0000",
3067379,05/08/2012,21:51:00,350458,4696006,Sort,RELL,"0,0000",
3066649,05/08/2012,17:10:00,336916,4677844,Pessonada - Conca de Dalt,RELL,"0,0000",
3000539,01/08/2012,14:03:00,370908,4675222,Ossera,RELL,"17,0000",Llamp del 27/6 (5 dies)- - -  
2977165,06/08/2013,20:04:00,338005,4680558,Hortoneda,RELL,"0,0000","dia 07/08 matí. GRAFLL comunica comportament cap: 20-30cm, flancs imperceptible; ; ; rurals el detecta, al vespre, dia 7/08 helitransportats; 18AN22"
2915803,27/07/2012,20:13:00,336405,4672676,Pessonada-Conca de dalt,RELL,"0,0050",crema un pi- - - 33090333303153100000 
2915439,03/08/2013,14:09:00,352368,4669580,Coll de Nargó,RELL,"0,0000", ha plogut i es difícil de localitzar; 21AQ03
2904847,03/08/2013,9:00:00,378601,4692718,Estamariu,RELL,"0,0000",; ; ; els mateixos habitants han apagat el foc; 
2894984,26/07/2012,17:55:00,386782,4676272,Josa i Tuixén,RELL,"0,0000",Superfície baixa intensitat.- - -  
2875659,18/07/2013,2:25:00,374894,4561147,El Vendrell,RET,"0,0000",; ; ; s'apaga sol; 
2807694,03/08/2015,15:15:00,279831,4583163,Seròs,RELL,"6,5000",
2805503,03/08/2015,13:00:00,369834,4622370,Castellfollit de Riubregós,REC,"0,0020",
2802974,07/07/2012,9:21:00,323890,4551100,Colldejou,RETE,"0,0034","superfície baixa intensitat, fullarca, cap antorxeig- 15BN24- 15BN24- 04690, E0, 60230, 60431, 5061 "
2764260,12/07/2013,15:26:00,366331,4576925,Vila-Rodona,RET,"0,0000",; ; ; graftarr; 24BI-17
2762799,12/07/2013,14:40:00,371035,4582073,Aiguamúrcia,RET,"0,0000",FUM BLANC ENTRANT A MASSA FORESTAL; ; ; grafBarcelona; 25BH-12
2748554,11/07/2013,18:49:00,353912,4586621,Barberà de la Conca,RET,"0,0000",fum blanc. ; ; ; graf bcn; 21BG-19
2748189,11/07/2013,18:30:00,361072,4580077,Pla de Santa Maria,RET,"0,0000",sotabosc. Descàrregues MAER; ; ; ; 23BH-22
2747458,11/07/2013,17:58:00,374072,4576464,Montmell,REMS,"0,0000",; ; ; portàtil GRAF TGN; 25BI-20
2745632,11/07/2013,16:02:00,352949,4601519,Vallfogona de Riucorb,RELL,"0,0000","(0,5ha sembrats); ; ; graf bcn; 21BD-18"
2712396,06/07/2014,18:37:00,353449,4602613,Vallfogona de Riucorb,RETE,"0,0010",
2603522,18/07/2013,6:27:00,339536,4596253,Omells de na Gaia,RELL,"0,0000",; ; ; s'apaga sol; 
2541068,23/07/2015,12:28:48,343496,4595361,Montblanquet,RELL,"0,0100","AVAs de ruta fan dues descàrregues, superfície baixa intensitat; 61130, 04390,.."
2499430,25/07/2016,19:16:00,384830,4694193,Aristot,RELL,"0,0040","2n llamp a la mateixa zona ;  ; Helitransportat Graf Ll, LD i descarregues del 5032"
2484455,24/07/2016,20:58:00,387472,4694157,Aristot,RELL,"0,0000","llamp del dia 22. El llamp es veu el 24 pero es troba i apaga el 25 a les 15.30h ;  ; Helitransportat Graf Ll, LD i descarregues del 5032"
2478977,24/07/2016,13:31:00,350887,4655682,Pallerols,RELL,"0,2000",llamp de 2 dies
2468051,05/06/2016,18:25:00,313400,4572280,Margalef,RET,"0,1000",13BJ14 ;  helitransportat graf i bombers
2386933,13/07/2013,19:20:00,359750,4628850,Massoteres,RELL,"0,0000",; ; ; ; 22AY-10
2324477,10/07/2013,22:13:00,299751,4636153,Ivars de Noguera,RELL,"0,0000","2 focus, pendent d'acabar el remat.; ; ; Graf Lleida; 11AW13"
2268229,08/07/2013,18:52:00,362011,4622912,Sant Ramon,RELL,"0,0000","EN UN CAMP; ; ; GRAF LLEIDA, G03; 18AW18"
2243396,11/07/2016,14:12:00,312184,4661124,Alsamora (St. Esteve de la Sarga),RELL,"0,0150","0.43.90, 0.50.32 ; "
1756527,19/06/2016,12:11:00,323284,4581113,La Pobla de Cervoles,RELL,"0,0070",crema m.orgànica ; 32030 ; 
1515495,05/05/2012,,369761,4588656,Querol,RET,"0,1000",Al dia seguent fan inspecció i el troben ja fred i apagat- - -  graf tarraco
1428535,04/05/2012,,314963,4712264,Senet de Barraves,RELL,"0,0020",una soca; al dia següent el volen i el piquen- 14AH-18- 14AH-18- 50.08 i 0.43.90 lleida i Bcn
632096,13/07/2013,19:08:00,408421,4642143,Galera\Gaià,REC,"0,0000",descàrrega HTC. Extingeix; ; ; ; 32AV-14
,19/07/2019,19:16:00,328085,4727325,Salardú,ARAN,"0,0100",
,08/08/2013,,494665,4627395,Solius,REG,"0,0000",; ; ; 22830; 49AY15
,27/06/2012,21:18:00,313159,4568319,cabacés - montsant,RETE,"0,0000","tempesta seca, FS 400m- 13BK14- 13BK14-  "
,27/06/2012,,310846,4570642,la bisbal de falset,RETE,"0,0600",controlat- 13BJ21-22- 13BJ21-22-  60092
,01/07/2012,12:54:00,294471,4537285,Benifallet,RETE,"0,0100",- 09BQ-15- 09BQ-15-  
,01/07/2012,13:29:00,300944,4522944,Camarles,RETE,"0,0025",- 11BT-11- 11BT-11- 7.21.30 Amposta
,01/07/2012,13:39:00,287525,4539920,Pinell de brai,RETE,"0,0025",Los aligars. Entre Barranc de Titot i Canaletes- 08BQ-03- 08BQ-03-  graf tarragona
,01/07/2012,14:34:00,290419,4559011,Fatarella,RETE,"0,0015",Prop de Los Canyerets- 09BM-01- 09BM-01- 7.30.32 
,01/07/2012,16:25:00,360262,4576020,Vila- Rodona,RET,"0,0004",llamp que cau a prop de l'autopista- 23BI-16- 23BI-16- 261530 261530
,01/07/2012,17:55:00,404284,4588774,Gelida,REMS,"0,0020",llamp caigut en un arbre- 31BG-10- 31BG-10- 50631 
,01/07/2012,19:30:00,289477,4535562,Benifallet,RETE,"0,0200","- 08BQ-25- 08BQ-25-  graf tarragona, graf 00. benifallet"
,02/07/2012,11:57:00,321932,4548445,Pratdip,RETE,"0,0500","superfíciebaixa intensitat,long flama0.5-1m- 15BO-07- 15BO-07-  GRAF TARRAGONA"
,30/08/2012,15:30:00,326710,4546231,Montroig. Golf Bonmont,RET,"0,0000",- - -  Posició 0.40.90
,03/06/2011,16:18:00,282924,4535051,Paüls,RETE,"0,0000",
,04/06/2011,7:09:00,491539,4687065,Biure,REG,"0,0008",Ctra. De l'Escaules- - la Jonquera- 
,04/06/2011,8:46:00,510607,4688445,Vilajuiga,REG,"0,0020",1 soca - Llançà- 
,29/06/2011,1:07:00,302597,4553601,Mora la Nova,RETE,"0,0000",- - Mora i Ascó- 
,29/06/2011,0:26:00,293224,4596553,Torres de Segre,RELL,"0,0000",- - Seròs i Lleida- 
,03/07/2011,12:50:00,335693,4657535,Gavet de la Conca,RELL,"0,2000",- - GLL i GB- 
,04/07/2011,15:03:00,292139,4555039,La Fatarella,RETE,"0,1300",- - GT- 
,04/07/2011,13:58:00,388226,4662236,Navès,REC,"0,0020",1 soca - Solsona- 
,04/07/2011,16:35:00,347671,4588958,Blancafort,RET,"0,5000",- 3 BRP- - 20BG08
,05/07/2011,12:40:00,296026,455427,Mora d'Ebre,RETE,"0,1000",- 2 GRAF 3 BRP(helitransportats)- UT I GT- 10BN05
,07/07/2011,17:09:00,266365,4509442,La Sénia,RETE,"0,0000",- - - 
,12/07/2011,22:05:00,330343,4656854,Lliminana,RELL,"0,0000",- - GLL- 17as16
,12/07/2011,21:45:00,395437,4607542,bruc,REMS,"0,0000",- - GB- 
,12/07/2011,21:13:00,367000,4669582,Fígols i Alinyà,RELL,"0,0000",
,12/07/2011,23:51:00,500909,4627238,Sant Feliu de Guíxols,REG,"0,0200",
,12/07/2011,21:22:00,414289,4636981,Avinyó,REC,"0,0800",- - - 33AW-14
,12/07/2011,22:47:00,291168,4543193,Pinell de Brai,RETE,"0,0100",
,12/07/2011,21:34:00,425958,4650657,Olost,REC,"0,0015",- - - 36AT-21
,12/07/2011,21:48:00,399137,4609583,Marganell,REC,"0,0025",- - - 30BC-05
,13/07/2011,16:18:00,50517,4692109,Vilamaniscle,REG,"0,2000",- - Girona- 52AL-11
,13/07/2011,16:34:00,301561,4641071,Camporrells,Arago,"0,0000",
,13/07/2011,16:17:00,309492,4584230,Torms (La granadella),RELL,"0,2000",- - - 12BH05
,13/07/2011,17:14:00,366731,4652028,Castellar de la Ribera,REC,"0,2000",- - - 24AT12
,13/07/2011,12:25:00,317991,4569274,Morera de Montsant,RETE,"0,0000",- 1 BRP i 1 GRAF (helitransportats)- GT- 14bk03
,14/07/2011,13:47:00,274710,4548155,Batea,RETE,"0,1300",- - GAND02- 
,04/08/2011,13:02:00,388010,4601642,Pobla de Claramunt,REMS,"0,0519",- - GB ( Herrera-Emili)- 28BD19
,05/08/2011,16:23:00,275321,4529271,Horta de Sant Joan,RETE,"0,0015",Mas de la Franqueta- 1 BRP i 1 GRAF (helitransportats)- GT (Horta)- 06BS01
,13/08/2011,14:43:00,276252,4540395,Horta de Sant Joan,RETE,"0,0000",- - Horta- 06BQ01
,13/08/2011,15:45:00,272083,4531980,Horta de Sant Joan,RETE,"0,0010",- - Horta- 05BR13
,13/08/2011,17:42:00,305877,4541235,Tivissa,RETE,"0,0625","- - GT (tivissa,Mora)- 12BP16"
,28/08/2011,19:35:00,290270,4494719,Montsianell,RETE,"0,0004","D0 ha donat la posició, un bombarder ho ha matat- - Bombarder- 09BZ01"
,29/08/2011,18:21:00,272026,4508534,La Sènia,RETE,"0,8000","Valldebous- 4 GRAF i 4 BRP- GT, GUT, GL- 05BW07"
,20/10/2011,12:57:00,405097,4686161,Urús,REC,"0,0007","Cara nord, columna intermitent,.- 3 BRP- Bellver, Alp, Guardiola- 32AM-16"
,06/06/2010,9:11:00,306319,4566521,Cabacés,RET,"0,0000",
,06/06/2010,10:00:00,281875,4540325,Prat de Compte,RETE,"0,0000",
,06/06/2010,19:28:00,286800,4491400,Alcanar,RETE,"0,0100",
,06/06/2010,19:10:00,270920,4502118,Sènia,RETE,"0,0036",
,19/07/2010,18:32:00,407283,4654368,Gironella,REC,"0,0000",llamp que ha encés una línia elèctrica. No l'han trobat.- - 
,20/07/2010,13:44:00,301464,4531066,Perelló,RETE,"0,2000",
,20/07/2010,12:34:00,278539,4516193,Roquetes,RETE,"0,2000",
,23/07/2010,15:22:00,390416,4620744,Rajadell,REC,"0,0000",- 11030- 29AZ21
,01/08/2010,14:55:00,321684,4731087,Vielha,RELL,"0,0030","llamp que ha encès ""llesca"", l'han picat- 8074- 15AD17"
,01/08/2010,17:59:00,267310,4541992,arenys de lledó,ARA,"0,0020",- sos arago- 04bp18
,01/08/2010,18:15:00,286716,4560845,fatarella,RETE,"0,0030",- TGRAF08- 08BL22
,01/08/2010,19:19:00,342878,4588055,blancafort,RET,"0,0010",- 60691- 19BG08
,01/08/2010,20:48:00,290883,4540124,benifallet,RETE,"0,0005",apagat per la pluja- 70092- 09bp21
,01/08/2010,20:53:00,284906,4537188,paüls,RETE,"0,0000",alertant diu que ha arribat i està mullat per que plou- TORT57- 07bq15
,01/08/2010,23:24:00,313012,4545782,tivissa,RETE,"0,0000",pal de la llum- GRAF00- 13bo24
,02/08/2010,12:28:00,522612,4682875,Cadaqués,REG,"0,0020",- - 55AN13
,02/08/2010,22:43:00,346752,4547686,Salou,RET,"0,0010",
,02/08/2010,18:37:00,300016,4527193,Tortosa,RET,"0,0000",- TGRAF- 
,05/08/2010,13:55:00,480614,4686636,Sant Llorenç de la Muga,REG,"0,1480",Segons agents rurals llamp del dia 2- GGRAF- 47AM16
,12/08/2010,18:37:00,370580,4648213,Castellar de la Ribera,REC,"0,0000",Al costat de Mas Pujantell. La pluja quasi l'ha apagat- 11930- 25AU06
,13/08/2010,18:56:00,293001,4538930,Benifallet,RETE,"0,0020",una soca; Las Fontelles. - 5071+ TGRAF01- 09BQ09
,14/08/2010,9:36:00,289901,4498311,Ulldecona,RETE,"0,0005",- ULLD03- 08BY10
,14/08/2010,14:40:00,510807,4640112,Mont-ras,REG,"0,0700","GRAF ens enterem casi bé despres de resolt ja que la regió no ens activa, SCB no avisa i estavem dinant- GGRAF- 53AV25"
,14/08/2010,15:47:00,420709,4626116,Moià,REC,"0,0050",Vall de Marfà- 11130- 35AY16
,20/08/2010,14:22:00,351329,4583509,Barberà de la Conca,RET,"0,0000","Avis del dia anterior, no concreta prou zona i no el veuen. És Al costat de l´autopista, molt petit. Coordenades donades per rurals, i camions i portàtils hi van.- portatils- 21BH07"
,29/08/2010,16:20:00,338106,4719302,Esterri d'Àneu,RELL,"0,0200",Es un llamp del dia 19 d'agost entre les 12 i les 14 UTC.- portatil sort- 18AG04
,07/09/2010,15:33:00,308446,4538200,Tivissa,RETE,"0,0000",- - 12BQ09
,07/09/2010,15:33:00,310013,4538204,Tivissa,RETE,"0,0000",- - 12BQ10-13BQ06
,07/09/2010,18:11:00,429216,4628538,Moià,REC,"0,0005",Llamp en un pi que s'apaga per la pluja- - 36AY10
,08/09/2010,14:29:00,291245,4553735,Camposines,RETE,"0,2700",- - 09BN07
,25/06/2009,,413009,4599024,Ullastrell,REMS,"0,0000",- - - 34BD-21
,25/06/2009,,411727,4599055,Viladecavalls,REMS,"0,0010",- - - 
,29/06/2009,,294492,4540282,Rasquera,RETE,"0,0000",- - - 09bp25
,30/06/2009,,402602,4627340,Santpedor,REC,"0,0000",- 11034- - 31ay13
,30/06/2009,,412973,4623098,Calders,REC,"0,0000",- 10730- - 33az08
,30/06/2009,,433982,4616869,Bigues i Riells,REMN,"0,0000",- - - 37BA20
,30/06/2009,,412976,4625275,Navarcles,REC,"0,0000",- - - 33AZ09
,30/06/2009,17:34:00,421060,4614361,Sant Llorenç,REMN,"0,0000",- - - 
,01/07/2009,13:39:00,495872,4691165,Capmany,REG,"0,0000",- - - 
,14/07/2009,18:37:00,219919,4575685,Maials,RET,"2,0000",Aprox. 2 ha- SERO01- - 09BI23
,15/07/2009,12:25:00,319682,4577243,Ulldemolins,RET,"0,0004",Llamp del 14- GRAFTARR- - 15BK05
,15/07/2009,13:33:00,398115,4619475,Rajadell,REC,"0,0050",Llamp del 14- BGRAF06- - 30BA04
,15/07/2009,16:03:00,385162,4654332,Navès,REC,"0,1390","Foc de llamp del dia anterior, les ADF's no van avisar a bombers i avui s'ha reproduït.- BGRAF02- - 28AT01"
,15/07/2009,17:07:00,300385,4540491,El Perelló,RETE,"0,0030",Apagat pels agents rurals. Del dia 14- - - 11BP21
,16/07/2009,11:09:00,397563,4657324,Espunyola,REC,"0,0000",Llamp del 14- - - 30AS13
,22/07/2009,20:19:00,404206,4630598,Castellnou de Bages,REC,"0,0010",- - - 31AX25
,22/07/2009,13:27:00,391775,4636729,Sant Salvador de Torroella,REC,"0,0600",bosc de pi blanc- - - 29AW17
,22/07/2009,5:33:00,319016,4588112,Cervià de les Garrigues,RELL,"0,0050",Pins i matolls- - - 14BG10
,22/07/2009,18:12:00,332748,4635235,Cubells,RELL,"0,0250",Foc de llamp.Serra de les Forques- - - 17AW23
,22/07/2009,7:15:00,327385,4558218,Duesaigües,RET,"0,0000",Incendi de bosc sota el puigmari- - 60431- 16BM13
,22/07/2009,10:39:00,367906,4589182,Querol,RET,"0,0020",Zona forestal- - 61330 (12:30)- 24BG03
,22/07/2009,12:27:00,374614,4583389,Áigüamúrcia,RET,"0,0100",Turó del corral nou. Zona boscosa- - - 
,23/07/2009,7:57:00,358885,4697221,Sant Joan de l'Erm,RELL,"0,0005",Foc de llamp d'ahir a la nit- - - 22AK14
,01/08/2009,18:54:00,323663,4717821,Vall de Boí - Cavallers,RELL,"0,0000","La pròpia pluja l'ha apagat, una fumarola de dins del bosc (vessant E)- 32590- - 15AG14"
,02/08/2009,14:02:00,350368,4580663,Prenafeta,RET,"0,0000",NO han actuat pero diuen possiblement llamp- 4691- - 21BH21
,07/08/2009,16:20:00,494980,4631005,Llagostera,REG,"0,3000",Llamp que provoca foc a una cuneta. Foc de matoll entre dues carreteres - - - 
,07/08/2009,16:15:00,470854,4632852,Riudarenes,REG,"0,0030",- GGRAF02- - 45AX11
,07/08/2009,19:12:00,421893,4639458,Santa Maria d'Oló,REC,"0,0000",No han arrivat perque plovia molt i també calamarsa- - - 35AW02-03
,08/08/2009,15:38:00,313155,4566281,Vilella Alta,ARAN,"0,0000",Amb dos motxilles d'aigua ho apaguen- - 60330- 13BK19
,08/08/2009,15:30:00,296249,4552982,Mora d'Ebre,RETE,"0,0003",- GGRAF01- - 10BN12
,08/08/2009,16:30:00,307819,4554005,Falset,RETiTE,"0,0005",- GGRAF01- - 12BN03
,08/08/2009,16:55:00,406961,4615691,Pont de Vilomara i Rocafort,REC,"0,1000",- - - 32BA22
,09/08/2009,13:58:00,291710,4550250,Corbera d'Ebre,RETE,"0,0500",Llamp despertat de fà dos dies- - - 09BN22
,09/08/2009,15:18:00,439670,4598816,Montornès del Vallès,REMN,"0,0001",Crema un pi- - 4030- 38BE10
,09/08/2009,15:10:00,443054,4612461,Franqueses del Vallès,REMN,"0,0010",- - 41530- 39BB14
,09/08/2009,10:56:00,410007,4638580,Navàs,REC,"0,0002",zona forestal- - 11034- 33AW06
,09/08/2009,15:15:00,436026,4613960,Bigues i Riells,REMN,"0,0001",veins lo'han apagat- - - 38BB07
,09/08/2009,16:40:00,419422,4591607,Rubi,REMN,"0,0001",Entre el parc de Rubí i autopista foc d'un arbre per un llamp. Comunicació del M.Castellnou- - - 34BF20
,09/08/2009,16:53:00,376545,4595267,Santa Maria de Miralles,REMS,"0,0000",- - 50990- 26BE22
,09/08/2009,16:47:00,449934,4598815,Cabrera de Mar,REMN,"0,0015",A prop del castell de burriac.Ha cremat un arbre y 15 metres quadrats de matolls- - 40931- 40BE10
,10/08/2009,12:51:00,337578,4603042,Maldà,RELL,"0,0000",Ignions on s'han de posicionar els vehicles per poder esbrinar el punt d'inici- - 30730; 30990: 50.31- 18BD08
,17/08/2009,14:44:00,316250,4733137,Betlan,ARAN,"0,0000",08092 s'hi va acostar però no va treballar- - - 14AD12
,18/08/2009,19:16:00,399238,4692132,Bellver Cerdanya,REC,"0,0000",Vehicle 10290- - - 30AL15
,18/08/2009,19:38:00,408836,4692691,Alp,REC,"0,0000",vehicle 10130 i 10190- - - 32AL14
,25/08/2009,12:24:00,309132,4533883,Ametlla de Mar,RETE,"0,0005",UN LLaMP HA HAGAFAT EN UN PI I L'AIGUA CASI L'HA APAGAT- 72030- - 12br09
,25/08/2009,12:37:00,286957,4532236,Xerta,RETE,"0,0010","llamp, el treballen amb eines manuals i 73034 recolza- 4691- - "
,25/08/2009,13:00:00,310324,4527654,El Perelló,RETE,"0,0040","llamp, 40 m2- 72030- - 13BS11"
,25/08/2009,14:08:00,394166,4583915,Subirats,REMS,"0,0001",Llamp a la sortida de Can Cartró- 51830;51840- - 29BH10
,25/08/2009,14:15:00,391267,4629343,Sant Mateu de Bages,REC,"0,0000","mitja vessant de la serra de castelltallat, matoll- 5012- - 29AY02"
,25/08/2009,14:16:00,395312,4583774,Pontons,REMS,"0,0000",marges entre vinyes- 51830;51840- - 30BH06
,25/08/2009,16:58:00,368566,4572246,Juncosa del Montmell,RETiTE,"0,0000",la ut ha donat suport per trobar-lo alk 60930- 4092- - 24BJ14
,25/08/2009,17:07:00,265950,4518461,Tortosa - Moleta d'Arany,ARAGÓ,"0,0000",I503 l'ha cantat i 5071+G00 l'ha confirmat- G00 I 5071- - 04Bu06
,25/08/2009,18:17:00,391998,4569287,Sant Pere de Ribes,REMS,"0,0000",- 51734- - 29Bk02
,02/09/2009,10:58:00,329270,4721562,Naut Aran,ARAN,"0,0000",un pinarro- LGRAF07- - 16AF20
,12/09/2009,15:55:00,350356,4603311,Guimerà,RELL,"0,0000",També 5031- 33130 i 61030- - 21BD06
,12/09/2009,16:43:00,431131,4619590,StQuirze Safaja,REC,"0,0000","ADF ho han apagat, només remullem- 11130- - 37BA02"
,12/09/2009,17:48:00,414249,4627340,Artes,REC,"0,0000",- 11030- - 33AY15
,12/09/2009,19:28:00,315024,4741953,Les,ARAN,"0,0000",precisió seguint portàtil al SIG- LES 01- - 13AB16
,13/09/2009,13:24:00,282469,4499285,Ulldecona,RETE,"0,3000",- 73130- - 07BY03
,13/09/2009,14:36:00,421217,4596170,St Cugat Vallès,REMN,"0,0000",Prop Can Barata- 41430- - 35BE17
,13/09/2009,14:46:00,397080,4606855,St Pau de la Guàrdia,REMS,"0,0000",- 50330- - 30BC18
,13/09/2009,15:42:00,413769,4605706,Terrassa,REMN,"0,0000",Carena de la pineda- 42230- - 33BC24
,14/09/2009,13:12:00,389129,4695215,Arànser,REC,"0,0008",- 10234- - 28AK25
,14/09/2009,13:50:00,362273,4590901,Pontils,RET,"0,0200",- 61030- - 23BF23
,18/06/2008,15:12:00,501287,4672606,Siurana,REG,"4,1000",llamp en pal de fusta de BT i brases caient al camp- 21030- 51AP11 (258-4)
,24/06/2008,13:33:00,394467,4651406,Montmajor,REC,"0,0000",Llamp en zona arbrada caigut 2 hores abans.- 10530- 29AT20 (292-4)
,27/06/2008,1:51:00,349778,4562060,Morell,RET,"0,0000",palmera encesa per llamp- 61230- 
,27/06/2008,2:28:00,410247,4624481,Calders,REC,"0,0001",matolls per un llamp- 10531- 
,27/06/2008,9:09:00,311785,4555425,Falset,RET,"0,0000",pi ences en lloc dificil acces en plena tempesta. - 60430- 
,27/06/2008,12:56:00,339068,4573341,Mont-ral,RET,"0,0000","llamp en xop, tormenta nit anterior- 60130- 18BJ10 (445-2)"
,27/06/2008,14:16:00,323134,4552491,Colldejou,RET,"0,0040",- 60430- 15BN13
,28/06/2008,12:24:00,369455,4603830,Aguiló,RET,"0,0150","llamp en arbre envoltat de camps, tormenta fa 2 nits (150 m2)- 61030- 24BD10 (390-4)"
,30/06/2008,21:16:00,345884,4593825,Vallbona de les Monges,RELL,"0,0050",cremen 50m2 de pins- 33130- 20BF06
,30/06/2008,19:19:00,416020,4638008,Avinyò,REC,"0,0010",Incendi a cusa d'un llamp- 11730 i 11430- 34AW07
,30/06/2008,22:26:00,402038,4582047,Subirats,REMS,"0,0400","400m2 darrera la muntanya rodona,davant de StPau d'ordal- 50631, 51030 i 51090- "
,06/07/2008,9:10:00,359341,4591618,Sarral,REC,"0,0003","3m2 degut a llamp de tempesta recent de fa 1-2 hores, ha agafat però no propaga- 61130- 22BF20 (418-1)"
,12/07/2008,18:58:00,410594,4591853,Martorell,REMS,"0,0000",- 51030- 33BF16 (420-1)
,12/07/2008,19:11:00,391715,4562964,Vilanova i al Geltrú,REMS,"0,0000",- 51948- 29BL12 (447-4)
,12/07/2008,17:54:00,348506,4551099,Vila-seca - REPSOL,RET,"0,0000",el llamp ha agafat a un dipòsit de combustible de vaixells del pantalà- 61248- 20BN19
,12/07/2008,18:45:00,389043,4566599,Vilanova i al Geltrú,REMS,"0,0000",- 51930- 28BK24 (447-4)
,24/07/2008,20:19:00,408965,4584337,Corbera de Llobregat,REMS,"0,0025","al costat de l´ermita de sant pons, surt fum blanc de zona boscosa- 51634- 32BH04"
,01/08/2008,15:44:00,372400,4612380,Veciana,REC,"6,3100",cereals i matolls- 10431- 25BB13
,04/08/2008,19:00:00,493182,4699060,Cantallops,REG,"0,0002",ha cremat una alzina- 4290- 49AK04 (220-01)
,06/08/2008,1:23:00,478354,4652979,Canet d'Adrí,REG,"0,0001",ha cremat un arbre- 21131- 46AT14
,07/08/2008,10:19:00,329796,4713358,Vall de Boí,RELL,"0,0001",ha cremat una soca vella. Es reobre el servei el dia 8/8- B30- 16AH10 (181-3)
,08/08/2008,11:19:00,329889,4713368,Vall de Boí,RELL,"0,0000","12:00h Tª:16,6ºC;HR:38,1%; Dv:NW; Vv: 5/18 Km/h.  13:30h Tª:21,4ºC;HR:20,2%; Dv:NW; Vv: 9/18 Km/h. - Soro- "
,07/08/2008,18:50:00,317357,4688284,Llastarrí- Pont de suert,RELL,"0,0000",- LGRAF2- 14AM13 (251-2)
,12/08/2008,15:32:00,286823,4537481,Benifallet,RETE,"0,0000","Sleeper de la tempesta del dia 7, probablement- 4690- "
,14/08/2008,7:00:00,376470,4617895,Sant Marti Sesgaioles,REC,"0,0500",Foc de llamp entre dos camps ja segats.- - 362-3)
,15/08/2008,12:34:00,425855,4652337,Perafita,REG,"0,0000",- - 36AT12
,23/08/2008,13:06:00,293759,4557558,Ascó,RETE,"0,0050",Llamp sobre un pi blanc vell- UTGRAF11- 09BM14
,23/08/2008,15:33:00,296520,4554962,Móra d'Ebre,RETE,"0,0900",Llamp- UTGRAF11- 10BN02
,23/08/2008,17:35:00,301447,4537152,El Perelló,RETE,"0,0100","llamp, partida les roges- - "
,25/08/2008,15:49:00,370595,4565036,Bonastre,RET,"1,5000",Incendi de llamps (3 en la mateixa zona i focus secundaris). Implica el combustible més gruixut.- - 25BK-12
,25/08/2008,15:49:00,371325,4567192,Albinyana,RET,"0,0000",Incendi de llamps (3 en la mateixa zona i focus secundaris). Implica el combustible més gruixut.- - 
,25/08/2008,15:49:00,371166,4564802,Bonastre,RET,"0,0000",Incendi de llamps (3 en la mateixa zona i focus secundaris). Implica el combustible més gruixut.- - 
,26/08/2008,19:19:00,379934,4653662,Olius,REC,"0,0200","Dos focus, al segon hi plou molt i s´apaga.- - "
,31/08/2008,16:12:00,396754,4611260,Bruc,REMS,"0,0000",- 50330- 30BB17(391-2)
,31/08/2008,15:27:00,366229,4641600,Torà,RELL,"0,0100",- 33230- 
,31/08/2008,14:37:00,345586,4590839,Blancafort,RET,"0,0800",- GRAF TAR- 
,31/08/2008,17:08:00,408687,4642805,Puig-reig,REC,"0,0020",- GRAF BCN- 32AV14(331-1)
,31/08/2008,16:20:00,396190,4621103,Rajadell,REC,"0,0000",- 10431- 30AZ17(362-4)
,31/08/2008,16:32:00,405422,4608383,Castellvell i el Vilar,REC,"0,0002",Llamp en un transformador- - 
,31/08/2008,16:41:00,429891,4618968,Sant Quirze Safaja,REC,"0,0000",- 11134- 36BA10(363-4)
,31/08/2008,16:55:00,405510,4614568,Sant Viçens de Castellet,REC,"0,0000",Granja crema a causa d'un llamp- 11030- 32BB-01(392-1)
,10/03/2007,15:54:00,326397,4580765,La Pobla de cerboles,RELL,"0,0003",- L-232- 16BH22 (417-3)
,04/06/2007,16:34:00,442506,4647351,Roda de Ter,REC,"0,0010",- 12130- 39AU13 (332-1)
,04/06/2007,19:05:00,297106,4530814,Tivenys,RETE,"2,0000",- UTGRAF01- 10BR23 (497-1)
,04/06/2007,19:56:00,323276,4633325,Balaguer,RELL,"0,0200",- L-210- 15AX09 (360-1)
,04/06/2007,20:15:00,287737,4558337,Fatarella,RETE,"0,0050",- T-235- 08BM08 (470-2)
,05/06/2007,9:38:00,327910,4580104,La Pobla de cerboles,RELL,"0,0000",- B30- 16BH23 (417-3)
,05/06/2007,16:45:00,409679,4610120,Rellinars,REMN,"0,0150","camí de Boada, al nord del municipi de rellinars.- C203- 32BC05 (392-1)"
,05/06/2007,16:05:00,404620,4607283,Vacarisses,REMN,"0,0010",- N102- 32BC12 (392-1)
,05/06/2007,15:51:00,404620,4607283,Monistrol de Montserrat,REC,"0,0004",- C203- 31BC15 (392-1)
,09/06/2007,16:14:00,396517,4615240,Sellerès,REC,"0,0125",Llamp mal apagat del 5 de juny- C203- 30BB02 (362-4)
,05/06/2007,18:33:00,423076,4628061,Moià,REC,"0,0004",Serramitja- C275- 35AY09 (363-2)
,12/06/2007,14:53:00,337725,4593999,Senan,RET,"0,0000",- L-232- 18BF03 (417-2)
,13/06/2007,18:04:00,433014,4633056,Tona,REC,"0,0000",37AX12 el dia 15 fumeja- C213- 37AX09
,17/06/2007,18:16:00,448305,4595513,Vilassar de Mar,REMN,"0,0000",Parc de les Aus- N-231- 40BE24 (393-4)
,01/07/2007,15:39:00,341231,4567746,Albiol,RET,"0,0200",Sobre font del Colomer- 60130- 18BK08
,01/07/2007,15:51:00,342829,4583531,Espluga de Francolí,RET,"0,0200",- T-272- 19BH08
,01/07/2007,18:29:00,284822,4548883,Gandesa,RETE,"0,0020",UN ARBRE- T-244- 07BO10
,01/07/2007,18:38:00,284822,4577881,Bovera,RELL,"0,0000",- L-273- 11BI12
,01/07/2007,18:38:00,274777,4540512,Horta de Sant Joan,RETE,"0,0000",- T-225- 05BP25
,01/07/2007,18:43:00,298415,4540215,Rasquera,RETE,"0,0000",- B-70- 10BP24
,01/07/2007,18:38:00,293136,4525120,Bítem,RETE,"0,0000",- T254- 09BS24
,01/07/2007,19:04:00,297103,4551847,Mora d'Ebre,RETE,"0,0000",- T205- 10BN17
,01/07/2007,20:14:00,310800,4544930,Tivissa,RETE,"0,0020",UN PI- 20.67- 
,01/07/2007,17:34:00,312593,4557529,Bellmunt del Priorat,RET,"0,0200",no sé si és un llamp- - 13BM13
,01/07/2007,19:28:00,369665,4560713,Roda de Barà,RET,"0,0100",- - 
,01/07/2007,19:37:00,329747,4547880,Vandellòs i l'Hospitalet de l'Infant,RET,"0,0050",- 60531- 16BO15
,01/07/2007,19:47:00,322523,4554114,Colldejou,RET,"0,0000","hi ha varios punts, crec que graf tarr en té les posicions- FALS02- 15BN03"
,01/07/2007,20:21:00,355826,4560521,Secuita,RET,"0,0050",- T202- 
,01/07/2007,21:44:00,290313,4521532,Tortosa,RETE,"0,0000",- - 
,01/07/2007,20:55:00,343079,4593039,Omells de na Gaia,RELL,"0,0000",- L232- 19BF09
,02/07/2007,16:21:00,343129,4595863,Montblanquet,RELL,"0,0000",- L951 L952- 19BE24
,02/07/2007,15:50:00,307898,45418659,Tivissa,RETE,"0,0000",És el mateix que el dia anterior????- 95.27- 12BP18
,07/07/2007,15:56:00,379855,4683169,Adraén,RELL,"0,0100",Este casi segur que es el de l'altre dia!- L952- 26AN08
,05/08/2007,18:03:00,400364,4697483,Bellver de Cerdanya,REC,"0,0005",Incendi de llamp confirmat- 10234;10290;11530- 31AK11 (217-1)
,06/08/2007,17:23:00,391151,4599103,Capellades,REMS,"0,2000",- - 29BE02
,06/08/2007,17:11:00,385603,4599087,Torre de Claramunt,REMS,"0,0000",- - 28BE04
,06/08/2007,18:18:00,352210,4597441,Passanant,RET,"0,0002",- - 28BE18
,06/08/2007,19:25:00,385106,4592261,Sant Joan de Mediona,REMS,"0,0000",- - 28BF11(419-2)
,06/08/2007,19:25:00,385128,4590901,Sant Joan de Mediona,REMS,"0,0000",Crema la soca d'un arbre- - 28BF21(419-2)
,08/08/2007,14:20:00,267344,4521857,Riu d'Ulldemó,ARAGÓ,"3,5000",Treball conjunt amb aragonesos- B70;UT;4090...- 04BT18
,12/08/2007,17:11:00,269570,4542234,Areny,ARAGÓ,"0,0000",aragó s'ho fa sol- T225- 04Bp15
,12/08/2007,17:25:00,365471,4661256,Valldan,REC,"0,0005","- B30, 04390- 24AR16"
,12/08/2007,18:08:00,287514,4495904,Montsià,RETE,"0,0002","- T257, 04090, B70- 08By23"
,12/08/2007,20:40:00,422055,4635220,Santa Maria d'Oló,REC,"0,0000",- 11034- 35AW23
,13/08/2007,14:46:00,412282,4634418,Avinyó,REC,"0,1222",Incendi de llamp confirmat- 11034- 33AX03
,19/08/2007,11:04:00,514306,4657713,Torroella del Montgrí,REG,"0,0400","Avioneta estavellada?, xro no, ha estat un llamp.- - 53AS15 (297-3)"
,29/08/2007,10:21:00,313627,4588917,Albages,RELL,"0,0000",- 31334- 13BG09
,29/08/2007,11:20:00,313180,4584167,Juncosa,RELL,"0,0000",- 31330- 13BH04
,29/08/2007,11:38:00,393971,4656908,Espunyola,REC,"0,0020",- 10330- 29AS19
,29/08/2007,15:18:00,275901,4560877,Pobla de Massaluca,RETE,"7,0000",- T226- 06BL21
,29/08/2007,17:56:00,285874,4570376,Riba-roja d'Ebre,RETE,"214,0000",- T240- 08BJ21
,05/09/2007,15:48:00,367091,4721901,Alins,RELL,"0,0000","Llamp del dia 3, molt probable- GRAF LL- 24AF18"
,17/09/2007,17:12:00,335153,4676045,Pobla de Segur,RELL,"0,0000",Una olivera- 32430 (L266)- 18AO16 (252-4)
,17/09/2007,17:45:00,356438,4724147,"Lladorre, a 3km de Tabscan",RELL,"0,0000","Llamp, cascada de piu loro- 33090- 22AF02 (182-1)"
,17/09/2007,18:00:00,345138,4598869,Ciutadilla,RELL,"0,0000",Columna de fum- 33131- 20BE06 (390-3)
,17/09/2007,18:19:00,312857,4631553,Castellò de Farfanya,RELL,"0,0000",llamp ha caigut i crema bosquet pins- 30630- 13AX18 (359-2)
,17/09/2007,17:50:00,365106,4632211,Torà,RELL,"0,0000",Llamp a 2km de Biosca a la serra de l'aguda- 33231- 24AX11 (361-2)
,09/06/2006,18:30:00,266175,4556779,Batea - Pinyeres,RETE,"0,0000",
,09/06/2006,19:00:00,284076,4539733,Benifallet - Mola de Pasqual,RETE,"0,0000",
,09/06/2006,19:24:00,295841,4530815,Tivenys,RETE,"0,0000",
,10/06/2006,16:41:00,274478,4555175,Batea - Barranc de Massadetes,RETE,"0,0000",
,10/06/2006,23:53:00,295266,4530389,Tivenys - La Tossa,RETE,"0,0000",
,17/06/2006,16:30:00,314529,4737117,Vilamòs,RELL,"0,0000","0,003"
,18/06/2006,18:07:00,477893,4681572,Cabanelles,REG,"0,0000",
,21/06/2006,,367125,471388,Salics,RELL,"0,0000",
,22/06/2006,13:16:00,340278,471388,Alt Àneu - Pui de la Bonaigua,RELL,"0,0000",80 m2
,25/06/2006,7:26:00,332296,4696201,Astell,RELL,"0,0000",
,25/06/2006,15:34:00,352032,4670342,Coll de Nargó,RELL,"0,0400",400 m2
,30/06/2006,19:00:00,4065281,4663291,Cercs,REC,"0,0300",300 m2
,01/07/2006,18:51:00,409840,4639746,Gaià,RET,"0,0030",30 m2
,02/07/2006,8:13:00,346000,4676889,La Pobla de Segur,RELL,"0,0000",
,02/07/2006,11:43:00,336580,4715401,esterri d'aneu,RELL,"0,0000",
,02/07/2006,15:34:00,354155,4729896,lladorre,RELL,"0,0000",
,05/07/2006,15:17:00,317380,4663960,TREMP,RELL,"0,1500",1500M2
,05/07/2006,18:38:00,321782,4663912,LA GUARDIA DE TREMP,RELL,"0,0000",
,05/07/2006,23:00:00,405175,4582631,Lledoner,RELL,"0,0000",
,06/07/2006,7:02:00,373671,4592366,La Llacuna,REMS,"0,0001",10 m2
,06/07/2006,9:16:00,432608,4623637,Sant Martí de Centelles,REC,"0,1000",1000 m2
,06/07/2006,11:40:00,271104,4516711,Barranc de la Galera,RETE,"0,0000",
,06/07/2006,12:57:00,374895,4590524,La Llacuna,REMS,"0,0001",10 m2
,06/07/2006,13:03:00,303904,4536101,El Perelló,RETE,"0,0000",
,06/07/2006,13:42:00,376603,4598679,Sta Maria de Miralles,REMN,"0,0000",
,06/07/2006,13:46:00,366222,4565811,Lladurs,REC,"0,0004","4,2 ha"
,06/07/2006,14:34:00,330207,4594229,ESPLUGA CALBA,RELL,"0,0000",
,06/07/2006,15:38:00,378039,4586772,Torroella foix,REMS,"0,0000",
,06/07/2006,17:15:00,489225,4655521,MEDINYA,REG,"0,0000",
,06/07/2006,19:39:00,358904,4599757,Savallà del Comtat,RET,"0,0000",
,06/07/2006,20:52:00,372636,4595766,Sta Maria de Miralles,REMS,"0,0000",1500 m2
,07/07/2006,14:50:00,370185,4635355,Tora,REC,"0,0000",15 m2
,13/07/2006,14:25:00,390666,4611076,Maians,REC,"0,0000",2000 m2
,13/07/2006,18:23:00,344814,4718527,Jou,RELL,"0,0000",8 m2
,14/07/2006,14:00:00,354941,4661611,oliana,RELL,"0,0000",
,14/07/2006,15:00:00,354862,4668514,coll nargo,RELL,"0,0000",
,14/07/2006,,370068,4649061,algun lloc del Solsones,REC,"0,0000",500 m2
,15/07/2006,16:55:00,392638,4639726,Cardona,REC,"0,0000",
,15/07/2006,17:11:00,399408,4642245,Viver i serrateix,REC,"0,0000",
,15/07/2006,18:46:00,350430,4640988,Vilanova de l'Aguda,RELL,"0,0000",
,15/07/2006,19:11:00,375918,4606761,Jorba,REMS,"0,0000",
,15/07/2006,20:11:00,317787,4635598,Camarasa-Sant llorenç de Montgai,RELL,"0,0000",
,15/07/2006,20:36:00,321967,4587309,Cervià de les Garrigues,RELL,"0,0000",4m2
,15/07/2006,21:19:00,371899,4609292,Porquerises-Albarells,rems,"0,0000",
,16/07/2006,18:56:00,424118,4688180,Toses - Dòrria,REG,"0,0000",
,17/07/2006,16:46:00,317991,4568863,Poboleda 1,RET,"0,0000",120 m2
,17/07/2006,16:46:00,318035,4568928,Poboleda 2,RET,"0,0000",2 m2
,17/07/2006,,313918,4568658,Masdeu,remn,"0,0000",3 m2
,19/07/2006,17:00:00,332040,4694499,Torre Capdella (Antist),RELL,"0,0000","0,004"
,22/07/2006,15:18:00,359650,4724480,Lladorre,RELL,"0,0000",90 m2
,23/07/2006,16:59:00,488079,4670050,Orfes,REG,"0,0000",2600 m2
,23/07/2006,17:01:00,485663,4661678,Cornella de Terri,REG,"0,0000",
,24/07/2006,17:41:00,480898,4675758,Beuda,REG,"0,0000","0,002"
,25/07/2006,13:00:00,437777,4669390,Ripoll,REG,"0,0000",600 m2
,25/07/2006,16:30:00,378178,4632691,Santuari de Pinós,RELL,"0,0000",50 m2
,25/07/2006,16:48:00,393446,4634221,Valls de Torroella,REC,"0,0000",
,27/07/2006,,395734,4603208,els hostalets de Pierola,REMS,"0,0000","0,002"
,28/07/2006,5:46:00,372765,4577959,Montmell,RET,"0,0000","0,8 Ha"
,28/07/2006,12:33:00,289808,4563718,Fatarella,RETE,"0,0000",1 Ha
,29/07/2006,11:40:00,317419,4713968,Senet,RELL,"0,0000",
,30/07/2006,15:38:00,315926,4735062,Vielha,RELL,"0,0000",
,30/07/2006,16:08:00,351076,4707783,Guingueta d'Aneu,RELL,"0,0000",
,08/08/2006,17:18:00,418821,4632066,Sallent,REC,"0,0000",
,08/08/2006,18:05:00,379883,4625599,Molsosoa,RELL,"0,0000",
,08/08/2006,18:15:00,387103,4606958,Òdena,REMS,"0,0000",
,08/08/2006,18:16:00,370420,4623884,Calonge de Segarra,RELL,"0,0000",
,08/08/2006,18:33:00,412139,4579812,Vallirana,REMS,"0,0000",
,08/08/2006,18:43:00,405816,4579579,Olesa de Bonesvalls,REMS,"0,0000",
,08/08/2006,19:12:00,433431,4605348,Llicà d'Amunt,REMS,"0,0000",
,08/08/2006,19:20:00,396553,4566408,Sant Pere de Ribes,REMS,"0,0000",
,15/08/2006,18:41:00,304041,4542442,Tivissa ,RETE,"0,0000",
,15/08/2006,18:55:00,311630,4538300,Perelló,RETE,"0,0000",
,15/08/2006,19:04:00,315515,4553488,Marçà,RET,"0,0000",
,23/08/2006,20:38:00,273763,4529720,Horta de Sant Joan,RETE,"0,0000",
,26/08/2006,12:20:00,315484,4744646,Vielha,RELL,"0,0000","0,002"
,09/09/2006,16:05:00,417437,4687388,Collada de Tosses,REC,"0,0000","0,002"
,09/09/2006,17:58:00,343389,4594904,Montblanquet,RELL,"0,0000",100 m2
,11/09/2006,15:40:00,391011,4595714,Cabrera d'Igualada,REMS,"0,0000",20 m2
,11/09/2006,17:56:00,361314,4718893,Àreu - Les canals,RELL,"0,0000",
,12/09/2006,10:00:00,313914,4527588,Ametlla de mar,RET,"0,0000",10m2
,26/10/2006,17:37:00,321679,4731482,Bonh de gargs - Vielha,RELL,"0,0000",
