id,meteocat_id,date-UTC,x,y,land_cover,weight,date-UTC-ff,x-ff,y-ff
2898130,9837243,2014-04-11T14:02:06.768995Z,287565.54975545383,4495296.773252983,224,2213.9701548397443,2014-04-11T16:17:00.000000Z,288795.0,4497138.0
2955630,10015819,2014-06-12T17:56:24.257889Z,274253.30428921926,4547345.08697702,113,388.631849032996,2014-06-13T07:58:00.000000Z,274465.0,4547671.0
2952252,9983868,2014-06-12T11:27:43.987721Z,460047.6019486174,4624009.775547,223,4865.904211769963,2014-06-13T14:23:00.000000Z,461545.0,4619380.0
2956204,10018525,2014-06-13T12:45:01.129739Z,482516.5437442926,4628726.372339129,221,14131.792071999484,2014-06-13T14:35:00.000000Z,493956.0,4620429.0
2956162,10018057,2014-06-13T12:30:16.381086Z,470340.02821216686,4639243.759541309,222,65.32702021255022,2014-06-13T14:38:00.000000Z,470275.0,4639250.0
2957979,10029136,2014-06-13T16:25:41.415078Z,383329.34126305854,4603917.270253185,111,1668.7658907612742,2014-06-13T18:21:00.000000Z,384976.0,4604188.0
2954161,9999876,2014-06-12T14:33:01.731722Z,329017.76678318356,4654919.107928686,228,328.4617714700055,2014-06-14T14:36:00.000000Z,329037.0,4655247.0
2970768,10094560,2014-06-15T14:51:36.154619Z,308808.8359927508,4541369.401412309,224,2768.953764546907,2014-06-15T16:46:00.000000Z,306108.0,4540759.0
3017453,10288352,2014-07-01T14:06:42.946940Z,288087.0840153202,4574064.618069358,221,1062.265886447938,2014-07-01T16:09:00.000000Z,289147.0,4573994.0
3018355,10298898,2014-07-01T15:50:32.912070Z,295554.6627936397,4543452.890700494,224,1048.2234622211822,2014-07-01T17:46:00.000000Z,296500.0,4543000.0
3018553,10300430,2014-07-01T16:14:23.220805Z,308177.61922112165,4536364.2740899315,224,1156.2083195775601,2014-07-01T18:12:00.000000Z,307509.0,4535421.0
3018363,10299017,2014-07-01T15:51:59.284728Z,289094.3867392051,4535307.538321881,224,1150.2483044070323,2014-07-01T18:43:00.000000Z,289505.0,4536382.0
3020217,10306088,2014-07-01T17:51:22.230383Z,283880.11721876427,4500038.947668092,224,114.0557785380316,2014-07-01T19:51:00.000000Z,283881.0,4500153.0
3020204,10306036,2014-07-01T17:50:10.418940Z,294451.64449169533,4535532.988828084,232,1215.12154989409,2014-07-01T19:52:00.000000Z,293251.0,4535720.0
3024576,10312566,2014-07-02T10:28:18.375179Z,407649.9136015832,4623146.5268747145,111,313.830746432463,2014-07-02T12:31:00.000000Z,407343.0,4623081.0
3024594,10312610,2014-07-02T10:30:57.675336Z,408255.1153389136,4621000.019715401,225,148.15710340793132,2014-07-02T12:46:00.000000Z,408403.0,4621009.0
3027983,10330219,2014-07-02T14:37:14.718074Z,314062.4077892415,4602021.928475557,111,1012.8860054323918,2014-07-02T16:35:00.000000Z,314897.0,4601448.0
3017975,10294593,2014-07-01T15:10:56.578722Z,283800.1877236281,4617100.088131535,111,2708.879289916748,2014-07-02T18:44:00.000000Z,282729.0,4614612.0
3024922,10313922,2014-07-02T11:21:47.486933Z,425198.340125102,4643400.070792809,221,1760.1336704208713,2014-07-04T19:07:00.000000Z,426287.0,4642017.0
3042725,10373937,2014-07-06T15:59:50.634772Z,353214.8265486496,4602643.21596471,222,236.11484584055327,2014-07-06T18:28:00.000000Z,353449.0,4602613.0
3077608,10442977,2014-07-16T16:56:52.277951Z,414315.6696927855,4643235.79735232,221,632.1923265437481,2014-07-17T16:23:00.000000Z,414788.0,4643656.0
3079529,10454746,2014-07-18T21:08:33.613581Z,322156.49662394996,4640039.7665466815,224,433.61938223959845,2014-07-18T23:07:00.000000Z,322022.0,4640452.0
3079891,10456151,2014-07-18T23:18:42.070666Z,289389.46771798434,4564431.861200762,221,407.1224465939168,2014-07-19T01:32:00.000000Z,289744.0,4564632.0
3080440,10459009,2014-07-19T01:22:22.687261Z,319165.3887575059,4656359.951769855,232,1087.5500251514031,2014-07-19T01:33:00.000000Z,319477.0,4655318.0
3080115,10456796,2014-07-18T23:47:25.145416Z,331630.05932707293,4631399.112006429,111,1847.226092110797,2014-07-19T01:46:00.000000Z,330750.0,4629775.0
3079970,10456383,2014-07-18T23:28:39.083571Z,313746.11160884483,4571011.649937689,224,302.4592074401313,2014-07-19T02:42:00.000000Z,314030.0,4571116.0
3080162,10457084,2014-07-19T00:05:53.724826Z,347550.8898788634,4653080.325967088,221,651.7413292913056,2014-07-19T06:43:00.000000Z,347665.0,4653722.0
3079364,10453822,2014-07-18T20:34:20.779442Z,411826.71630703146,4632283.812965034,221,372.06386479684767,2014-07-19T07:02:00.000000Z,411466.0,4632375.0
3080533,10459565,2014-07-19T01:49:36.026027Z,364486.42101743823,4658159.988205996,221,73.14580216665237,2014-07-19T07:11:00.000000Z,364554.0,4658132.0
3080282,10457708,2014-07-19T00:45:19.891062Z,392356.4784526209,4638963.442519131,221,697.6456210415276,2014-07-19T14:33:00.000000Z,392955.0,4638605.0
3079453,10454270,2014-07-18T20:49:48.280513Z,368248.00588713284,4627397.451213466,224,679.1190559134213,2014-07-19T14:33:00.000000Z,368422.0,4626741.0
3101175,10527697,2014-07-25T04:40:01.634482Z,383622.2015753329,4596420.11346597,221,280.4168064804626,2014-07-25T06:45:00.000000Z,383572.0,4596696.0
3101489,10528012,2014-07-25T04:48:13.333415Z,296706.2724985291,4560308.14935224,228,928.8542072546131,2014-07-25T06:53:00.000000Z,297632.0,4560232.0
3106057,10531035,2014-07-25T06:32:45.211628Z,382744.2611533172,4594791.974291978,221,83.36928204674632,2014-07-25T07:00:00.000000Z,382788.0,4594721.0
3102482,10528811,2014-07-25T05:10:29.858768Z,346455.6183820732,4571014.365730476,221,631.6977932825278,2014-07-25T07:07:00.000000Z,345850.0,4571194.0
3102566,10528858,2014-07-25T05:11:45.803454Z,318652.1715610578,4555757.9419111805,221,292.79291869233145,2014-07-25T07:13:00.000000Z,318407.0,4555918.0
3102093,10528531,2014-07-25T05:03:10.096619Z,331486.3801834485,4560748.827837197,224,227.37346807493932,2014-07-25T07:17:00.000000Z,331325.0,4560909.0
3102554,10528848,2014-07-25T05:11:41.710774Z,324794.4567760398,4570809.95858918,113,294.2485520466774,2014-07-25T07:18:00.000000Z,324511.0,4570731.0
3103690,10529490,2014-07-25T05:29:43.075951Z,347885.75063858065,4575249.773539835,224,240.85186874138532,2014-07-25T07:26:00.000000Z,347834.0,4575485.0
3100625,10527064,2014-07-25T04:25:30.811409Z,409785.9466128307,4629275.021591661,113,5391.614783703001,2014-07-25T07:27:00.000000Z,414578.0,4631746.0
3103607,10529461,2014-07-25T05:28:22.236050Z,410884.9878029624,4604837.977564649,221,1453.2796403961263,2014-07-25T07:29:00.000000Z,409440.0,4604993.0
3104048,10529747,2014-07-25T05:37:09.309235Z,340232.22004861943,4565255.418362285,223,50.687929487459826,2014-07-25T07:29:00.000000Z,340227.0,4565205.0
3102908,10529048,2014-07-25T05:17:36.957284Z,329422.9582785091,4551372.67936827,114,444.45793054292085,2014-07-25T07:32:00.000000Z,329855.0,4551477.0
3102842,10529014,2014-07-25T05:16:28.567371Z,316058.21549913567,4543213.252072166,224,378.05002429358603,2014-07-25T07:33:00.000000Z,315863.0,4543537.0
3103090,10529164,2014-07-25T05:20:47.442216Z,327045.8846956372,4555688.870334891,225,274.63058394168786,2014-07-25T07:37:00.000000Z,327269.0,4555849.0
3104665,10530146,2014-07-25T05:53:36.812229Z,375822.39745088003,4562126.525659498,115,1140.8865039234224,2014-07-25T07:48:00.000000Z,375178.0,4563068.0
3102761,10528966,2014-07-25T05:14:47.691945Z,325153.6647630419,4565121.16055953,223,1105.5949864034264,2014-07-25T07:54:00.000000Z,325902.0,4565935.0
3104665,10530146,2014-07-25T05:53:36.812229Z,375822.39745088003,4562126.525659498,115,1112.0993602011354,2014-07-25T08:14:00.000000Z,374713.0,4562204.0
3104582,10530091,2014-07-25T05:51:19.883988Z,371630.93819452793,4574140.438131066,224,1425.1760692039015,2014-07-25T08:14:00.000000Z,370625.0,4575150.0
3103901,10529623,2014-07-25T05:33:21.172079Z,344747.0054723467,4582042.651248703,221,1715.57100658622,2014-07-25T08:16:00.000000Z,346450.0,4582250.0
3105208,10530550,2014-07-25T06:10:57.932557Z,390447.8639638015,4590859.641182096,221,685.9722581833469,2014-07-25T08:18:00.000000Z,390751.0,4591475.0
3105797,10530900,2014-07-25T06:25:49.581206Z,419752.1061173328,4580725.718785339,115,945.2583847313018,2014-07-25T08:21:00.000000Z,419691.0,4581669.0
3105277,10530613,2014-07-25T06:13:28.945742Z,388256.59498830966,4578270.415853368,113,4317.021816598693,2014-07-25T08:28:00.000000Z,392277.0,4579843.0
3101390,10527913,2014-07-25T04:45:31.928869Z,383836.84699217003,4596599.5563934315,221,256.6565515391509,2014-07-25T08:31:00.000000Z,383599.0,4596696.0
3104489,10530043,2014-07-25T05:49:06.597816Z,358729.2569814728,4588849.015318999,222,211.311737262566,2014-07-25T08:32:00.000000Z,358891.0,4588985.0
3104239,10529892,2014-07-25T05:41:51.125269Z,409849.3001013628,4645867.364009478,225,2080.429402352552,2014-07-25T08:38:00.000000Z,411590.0,4644728.0
3105571,10530772,2014-07-25T06:20:04.534970Z,390931.7965677981,4610067.253694592,221,208.7522177784271,2014-07-25T08:40:00.000000Z,390753.0,4610175.0
3105431,10530715,2014-07-25T06:17:37.628746Z,370872.9134746506,4590382.230988385,111,1469.5442070519953,2014-07-25T08:42:00.000000Z,372145.0,4591118.0
3106603,10531488,2014-07-25T06:49:19.850227Z,441660.34231171344,4594664.794141624,221,1485.7651887380264,2014-07-25T08:58:00.000000Z,440178.0,4594564.0
3109238,10533788,2014-07-25T08:28:09.249105Z,373102.32771571213,4616399.484363498,111,409.0915120473797,2014-07-25T09:00:00.000000Z,373511.0,4616418.0
3104988,10530390,2014-07-25T06:03:30.033623Z,376018.2977455915,4580774.400862029,223,370.6597672472188,2014-07-25T09:36:00.000000Z,376025.0,4581145.0
3105702,10530826,2014-07-25T06:22:35.083147Z,372230.1489551045,4597953.85290593,111,191.48819292851996,2014-07-25T09:46:00.000000Z,372260.0,4598143.0
3107898,10532517,2014-07-25T07:26:13.222470Z,388838.56618383806,4636912.327294853,221,513.604909584828,2014-07-25T10:14:00.000000Z,388496.0,4637295.0
3109297,10533819,2014-07-25T08:29:42.406743Z,383634.4581304217,4613747.325648299,221,319.6054077863794,2014-07-25T10:32:00.000000Z,383336.0,4613633.0
3104443,10530014,2014-07-25T05:48:03.443170Z,317794.0551213171,4587330.059400653,114,172.7272937420374,2014-07-25T10:44:00.000000Z,317818.0,4587159.0
3104497,10530043,2014-07-25T05:49:08.007989Z,362731.84156130604,4580530.270515502,225,199.9910953260293,2014-07-25T10:50:00.000000Z,362532.0,4580538.0
3110722,10535063,2014-07-25T10:10:21.081948Z,445924.712587643,4600436.060551099,224,1229.685504218363,2014-07-25T10:58:00.000000Z,446849.0,4599625.0
3109931,10534263,2014-07-25T09:00:25.671360Z,414730.1939381029,4600790.659123058,111,1449.8543694750554,2014-07-25T11:08:00.000000Z,415192.0,4602165.0
3109594,10534006,2014-07-25T08:42:06.611673Z,408664.5032680903,4618755.026495959,221,260.91323777182834,2014-07-25T12:07:00.000000Z,408451.0,4618905.0
3106827,10531761,2014-07-25T06:56:35.177573Z,379365.5164176794,4630906.359406168,226,420.8579853456297,2014-07-25T12:11:00.000000Z,379401.0,4630487.0
3103669,10529482,2014-07-25T05:29:27.652456Z,324665.4199029187,4562297.494087682,223,325.5827586030283,2014-07-25T13:18:00.000000Z,324829.0,4562579.0
3102566,10528858,2014-07-25T05:11:45.803454Z,318652.1715610578,4555757.9419111805,221,2701.586247514064,2014-07-25T13:30:00.000000Z,320455.0,4557770.0
3107216,10532040,2014-07-25T07:07:53.160057Z,384966.6604859872,4633619.737674069,222,184.76339082687286,2014-07-25T14:41:00.000000Z,384885.0,4633454.0
3104497,10530043,2014-07-25T05:49:08.007989Z,362731.84156130604,4580530.270515502,225,199.99134281728604,2014-07-25T14:53:00.000000Z,362532.0,4580538.0
3104330,10529933,2014-07-25T05:44:12.110555Z,334879.82221289043,4592280.761205542,224,322.1492723234453,2014-07-25T15:36:00.000000Z,334735.0,4591993.0
3104052,10529747,2014-07-25T05:37:09.748752Z,337860.6563291159,4562242.092299485,114,28.875199845707314,2014-07-25T15:45:00.000000Z,337834.0,4562231.0
3102986,10529098,2014-07-25T05:18:53.762074Z,354025.7801085119,4676277.621394619,111,315.29308918578846,2014-07-25T17:39:00.000000Z,354225.0,4676522.0
3118022,10553649,2014-07-25T19:24:26.643644Z,491594.36175034544,4670423.281857671,221,2304.5875344604747,2014-07-26T11:46:00.000000Z,493693.0,4669471.0
3118612,10555701,2014-07-25T20:44:23.521843Z,402634.479362588,4647286.9205250805,222,691.9631528562841,2014-07-27T17:50:00.000000Z,402763.0,4646607.0
3119300,10556660,2014-07-28T08:58:39.140256Z,396847.6089491112,4607754.564752797,223,754.3251013411071,2014-07-28T11:15:00.000000Z,396176.0,4608098.0
3126804,10579748,2014-08-01T10:36:57.233521Z,389404.06171545526,4601025.428018282,224,37.23353730491422,2014-08-01T12:33:00.000000Z,389367.0,4601029.0
3126830,10579779,2014-08-01T10:41:09.619781Z,389737.8486924252,4602689.058102163,221,207.6410484758485,2014-08-01T12:45:00.000000Z,389626.0,4602864.0
3128764,10584846,2014-08-01T13:30:35.435994Z,333690.38467393874,4651806.421958993,223,738.4436786251681,2014-08-01T15:35:00.000000Z,334100.0,4651192.0
3120463,10557874,2014-07-28T11:47:39.280731Z,403522.9815274689,4672215.747473863,221,285.2105311366188,2014-08-01T15:54:00.000000Z,403500.0,4672500.0
3129701,10589636,2014-08-01T14:17:06.265687Z,388509.6445312095,4593611.874050201,221,258.8417700890684,2014-08-01T16:14:00.000000Z,388267.0,4593702.0
3129601,10589120,2014-08-01T14:12:47.459174Z,380178.4631180668,4595413.600495443,111,256.06531535196746,2014-08-01T16:46:00.000000Z,380258.0,4595657.0
3131240,10599970,2014-08-01T15:31:24.628732Z,339985.9678522758,4599802.134600832,114,555.7801806936535,2014-08-01T18:04:00.000000Z,340143.0,4599269.0
3132054,10604281,2014-08-01T16:02:36.541462Z,407979.0408358528,4622596.610284639,228,424.3814382049253,2014-08-01T18:13:00.000000Z,407569.0,4622706.0
3119426,10556764,2014-07-28T09:24:30.763293Z,390620.54104445403,4610262.217909513,113,983.9672134232414,2014-08-01T18:22:00.000000Z,390469.0,4609290.0
3133980,10615111,2014-08-01T17:27:27.160591Z,501267.1174668212,4647970.3450682545,111,607.9796815346549,2014-08-01T19:10:00.000000Z,500792.0,4647591.0
3134104,10615551,2014-08-01T17:32:25.778448Z,512298.43925849826,4643462.14063081,111,1696.7829834315598,2014-08-01T19:40:00.000000Z,511105.0,4642256.0
3141858,10646784,2014-08-02T11:24:57.083718Z,390939.56417599035,4586125.935847305,113,208.14024114837719,2014-08-02T13:20:00.000000Z,390857.0,4586317.0
3119299,10556660,2014-07-28T08:58:39.073186Z,405738.37100104353,4603717.645090134,232,641.9182304953312,2014-08-02T14:03:00.000000Z,405649.0,4603082.0
3142703,10649426,2014-08-02T12:09:14.713681Z,382016.53928669664,4576080.819970084,224,180.83781783494052,2014-08-02T14:08:00.000000Z,382014.0,4575900.0
3126993,10579927,2014-08-01T10:56:02.536741Z,403254.43638263113,4607378.747839325,224,212.35695746406373,2014-08-02T14:12:00.000000Z,403404.0,4607228.0
3142994,10650065,2014-08-02T12:16:32.526837Z,376341.4942532227,4578806.897969958,225,185.0134535527464,2014-08-02T14:20:00.000000Z,376258.0,4578972.0
3143772,10652284,2014-08-02T12:35:08.527695Z,385197.6569694323,4581300.8297042055,116,449.2642153521996,2014-08-02T14:31:00.000000Z,384930.0,4580940.0
3145984,10662015,2014-08-02T13:19:51.526013Z,377554.9298717438,4577016.913463336,224,178.55036246828013,2014-08-02T14:50:00.000000Z,377733.0,4577030.0
3126957,10579892,2014-08-01T10:52:31.740643Z,399779.0571558429,4605140.159376209,221,955.8701260140326,2014-08-02T15:28:00.000000Z,400270.0,4604320.0
3146138,10662616,2014-08-02T13:23:08.647814Z,377975.3774685119,4574579.35228374,221,863.5074284419669,2014-08-02T21:09:00.000000Z,378754.0,4574206.0
3133886,10614705,2014-08-01T17:23:20.967694Z,505282.0089361715,4642192.741103932,221,971.247251767536,2014-08-04T16:24:00.000000Z,505781.0,4643026.0
3176372,10785758,2014-08-08T22:19:11.692205Z,414668.1594737897,4617462.856861812,113,336.22396483699316,2014-08-09T00:24:00.000000Z,414464.0,4617730.0
3176708,10786478,2014-08-08T22:48:11.230059Z,404376.83001429756,4627461.515207809,221,1213.6492366516322,2014-08-09T00:56:00.000000Z,403462.0,4626664.0
3176411,10785834,2014-08-08T22:20:55.232298Z,421535.0380772469,4620436.254513006,223,260.91028929024645,2014-08-09T01:35:00.000000Z,421765.0,4620313.0
3176354,10785712,2014-08-08T22:18:12.648921Z,359039.6393046711,4595135.115299655,221,191.82698452764646,2014-08-09T18:56:00.000000Z,359213.0,4595053.0
3196707,10844308,2014-08-22T13:23:41.125232Z,277160.1149929374,4541579.646140842,221,908.5937658945571,2014-08-22T15:23:00.000000Z,277880.0,4542134.0
3201343,10869192,2014-08-22T16:45:06.598098Z,310744.021308606,4524810.726329443,221,877.483698261535,2014-08-22T18:15:00.000000Z,311482.0,4524336.0
3212782,10903077,2014-08-28T20:10:17.587234Z,309448.33284743363,4541167.242770741,221,514.7984456448329,2014-08-28T22:12:00.000000Z,309697.0,4541618.0
3214517,10918610,2014-08-29T01:16:59.413727Z,389874.653483585,4645573.342500939,221,430.61724793684635,2014-08-31T16:16:00.000000Z,389695.0,4645182.0
3225588,10981088,2014-09-05T02:07:19.358924Z,314083.0503759235,4543255.818689645,225,5309.268458350514,2014-09-06T19:51:00.000000Z,308777.0,4543071.0
3246655,11083774,2014-09-08T01:04:10.491091Z,320498.22168949177,4629541.978419072,111,96.85741378775418,2014-09-08T04:18:00.000000Z,320410.0,4629502.0
3254849,11108147,2014-09-08T14:40:15.485134Z,381931.87564753543,4580546.294163358,224,675.9202585364138,2014-09-08T16:39:00.000000Z,381662.0,4581166.0
3262136,11136260,2014-09-09T13:08:30.207936Z,337720.41782274714,4562729.95105227,221,96.84861412257153,2014-09-09T18:44:00.000000Z,337739.0,4562825.0
3268497,11190578,2014-09-14T11:22:04.061650Z,350305.9619761174,4596194.933243939,224,167.36917870368788,2014-09-14T13:34:00.000000Z,350472.0,4596216.0
3269856,11198150,2014-09-14T14:15:03.079186Z,295411.4096051798,4521221.73629233,224,338.56458289964763,2014-09-14T16:16:00.000000Z,295079.0,4521286.0
3371367,11423604,2014-09-19T03:42:54.574185Z,321540.67356461275,4571548.294235775,221,264.2478779110564,2014-09-19T06:26:00.000000Z,321716.0,4571746.0
2378578,11811306,2015-04-16T13:01:57.875413Z,302849.7514194889,4549944.670699924,115,412.5841618424954,2015-04-16T14:59:00.000000Z,302647.0,4550304.0
2398133,11897815,2015-05-31T13:48:50.283547Z,371597.7552107803,4599679.075870979,221,665.0953489522807,2015-05-31T14:42:00.000000Z,371942.0,4599110.0
2397958,11897341,2015-05-31T13:05:46.865270Z,377471.2738130129,4592676.23914749,111,273.64337746472495,2015-05-31T15:08:00.000000Z,377616.0,4592444.0
2397967,11897399,2015-05-31T13:08:53.946704Z,378889.4868614729,4590409.132141708,224,273.1288538947147,2015-05-31T15:50:00.000000Z,379037.0,4590639.0
2409597,11933990,2015-06-08T12:03:54.754612Z,384289.7905910479,4589995.82307889,113,155.6180767024132,2015-06-08T13:54:00.000000Z,384249.0,4590146.0
2409381,11932492,2015-06-08T11:46:01.343089Z,381214.6500141827,4596642.821900671,221,667.5138840985478,2015-06-08T14:33:00.000000Z,381148.0,4597307.0
2411922,11946887,2015-06-08T14:14:45.106559Z,342943.18541893625,4644960.352331067,111,295.59383268623935,2015-06-08T16:15:00.000000Z,343141.0,4645180.0
2416697,11962605,2015-06-09T12:50:17.319311Z,322590.52805901656,4561263.450521018,224,171.94698450210055,2015-06-09T14:36:00.000000Z,322481.0,4561396.0
2416011,11960453,2015-06-09T12:00:52.047145Z,339399.5398185917,4572054.070351819,223,483.91725169568616,2015-06-09T14:45:00.000000Z,339168.0,4572479.0
2416687,11962582,2015-06-09T12:49:41.631851Z,316332.7611960162,4560273.394234157,221,523.3681528398307,2015-06-09T14:49:00.000000Z,316361.0,4560796.0
2416609,11962428,2015-06-09T12:46:12.637652Z,319329.9088399209,4561773.739297913,225,371.96987497304764,2015-06-09T15:43:00.000000Z,319571.0,4562057.0
2420835,11988391,2015-06-09T17:19:01.546656Z,365995.40823869966,4682717.4391267225,221,343.3100329933473,2015-06-10T12:54:00.000000Z,366046.0,4683057.0
2427005,12003703,2015-06-10T13:18:42.213317Z,282143.80125534354,4524408.484348258,224,883.808530106368,2015-06-10T14:20:00.000000Z,282535.0,4525201.0
2409644,11934231,2015-06-08T12:06:16.884748Z,394791.1664089762,4635517.680678569,221,239.07761915411768,2015-06-11T15:22:00.000000Z,394616.0,4635355.0
2427203,12004567,2015-06-10T13:27:53.720793Z,394057.40750559437,4646724.773098303,222,493.91141137429094,2015-06-11T17:35:00.000000Z,394230.0,4646262.0
2499670,12207986,2015-06-22T18:06:53.189470Z,290874.5555110986,4531119.878095474,114,6007.011571335993,2015-06-22T20:28:00.000000Z,287473.0,4536071.0
2502053,12227341,2015-06-22T20:13:37.299747Z,478577.8507254862,4674475.483481441,111,2471.9399830663856,2015-06-23T07:41:00.000000Z,481049.0,4674538.0
2503142,12236910,2015-06-23T12:44:08.512836Z,367712.8267306363,4598957.4776315605,111,26.430564436235205,2015-06-23T14:52:00.000000Z,367693.0,4598940.0
2506362,12275099,2015-06-23T17:32:11.715716Z,380003.72442429344,4649135.604789646,111,203.50968599758147,2015-06-23T19:27:00.000000Z,379846.0,4649007.0
2512619,12312948,2015-07-16T19:28:58.118223Z,350829.4086103016,4698693.032057382,221,459.6410988053548,2015-07-17T16:44:00.000000Z,350636.0,4699110.0
2514050,12321017,2015-07-17T15:39:55.410039Z,400794.01633185457,4698725.816435687,222,774.5072131397957,2015-07-17T17:38:00.000000Z,400368.0,4698079.0
2514583,12324089,2015-07-17T16:29:53.828373Z,430042.07522058254,4683844.912778189,222,948.7162681455815,2015-07-17T18:52:00.000000Z,429237.0,4683343.0
2511930,12306480,2015-07-16T17:49:33.130096Z,331874.28547731426,4726775.399514336,221,400.493496874304,2015-07-17T20:02:00.000000Z,331530.0,4726980.0
2520344,12369551,2015-07-18T16:54:31.592266Z,311054.18708097405,4635863.369687888,111,1222.6934280894932,2015-07-18T18:49:00.000000Z,310914.0,4637078.0
2520616,12372538,2015-07-18T17:13:28.530991Z,261955.36941470273,4515060.457096581,221,319.6183384848685,2015-07-19T21:58:00.000000Z,261734.0,4515291.0
2522974,12390253,2015-07-20T12:04:29.771581Z,372795.7300342084,4600528.200160694,221,415.53200842901055,2015-07-20T14:22:00.000000Z,372496.0,4600816.0
2523128,12390604,2015-07-20T12:45:17.984945Z,390662.75308942905,4603135.806398622,221,156.6680281137361,2015-07-20T14:39:00.000000Z,390563.0,4603015.0
2535415,12478054,2015-07-21T23:23:12.049800Z,343276.8686411268,4595475.9169815,111,247.44056768935434,2015-07-23T12:19:48.000000Z,343496.0,4595361.0
2545213,12566979,2015-07-24T16:41:03.475209Z,269856.3742483177,4525383.284144768,224,539.3610879855349,2015-07-24T19:02:00.000000Z,269830.0,4525922.0
2577978,12729948,2015-07-31T18:12:41.904109Z,303419.8400411507,4544738.150305482,114,444.08129625461146,2015-07-31T20:14:00.000000Z,303625.0,4545132.0
2581737,12745480,2015-07-31T19:22:45.028614Z,475380.3174960882,4691144.696501471,223,1083.9329093976392,2015-08-02T11:59:00.000000Z,475464.0,4690064.0
2578018,12729960,2015-07-31T18:13:15.220417Z,370155.85504504316,4622249.052423681,111,343.84108770513393,2015-08-03T12:51:00.000000Z,369834.0,4622370.0
2567815,12692465,2015-07-31T15:31:10.837741Z,279837.21055861027,4583152.9050937835,221,12.221847497946415,2015-08-03T15:06:00.000000Z,279831.0,4583163.0
2627942,12929831,2015-08-13T11:06:06.676321Z,396153.0455316225,4604338.199774727,223,1179.4229521452687,2015-08-15T19:37:00.000000Z,395350.0,4605202.0
2638862,12971558,2015-08-15T12:53:03.849668Z,394609.2181156671,4641903.761963715,224,257.5084508162629,2015-08-16T10:04:00.000000Z,394475.0,4641684.0
2642250,12980795,2015-08-15T19:05:37.027364Z,397558.6623551752,4569491.561984427,224,457.7185716526214,2015-08-16T11:26:00.000000Z,397124.0,4569635.0
2641993,12980259,2015-08-15T18:40:52.232767Z,395557.24170807673,4571851.88945968,224,154.60748410061706,2015-08-16T13:32:00.000000Z,395701.0,4571795.0
2698347,13168085,2015-08-31T17:21:02.480735Z,340711.1758030241,4591520.653076566,115,732.8156186584685,2015-08-31T19:18:00.000000Z,340422.0,4592194.0
2698121,13165068,2015-08-31T17:13:59.366505Z,322118.76239265024,4563938.089426735,225,306.88008525135115,2015-08-31T19:38:00.000000Z,322301.0,4564185.0
2698174,13165747,2015-08-31T17:15:42.336823Z,342104.7360627069,4587860.346328811,111,43.40932900865373,2015-08-31T20:22:00.000000Z,342074.0,4587891.0
2701375,13204978,2015-08-31T19:31:09.106489Z,341125.4781309118,4691773.772734865,221,1260.6205485110722,2015-08-31T21:20:00.000000Z,342386.0,4691758.0
2734367,13299546,2015-09-03T03:26:33.632684Z,522409.60292891954,4681458.221000068,114,720.1434389882521,2015-09-03T05:25:00.000000Z,522898.0,4680929.0
2036405,13835291,2016-06-04T18:29:33.179982Z,313241.6804350228,4572246.01025125,221,161.93013598345365,2016-06-05T18:16:00.000000Z,313400.0,4572280.0
2047228,13897390,2016-06-18T13:59:23.601006Z,411528.32803942653,4632847.952722396,221,266.2353556792575,2016-06-18T15:56:00.000000Z,411272.0,4632776.0
2043135,13882480,2016-06-15T18:09:17.290066Z,318039.80007541727,4579292.329091725,224,5551.260165926208,2016-06-19T12:02:00.000000Z,323284.0,4581113.0
2062454,14006773,2016-07-08T13:13:25.516876Z,395201.4921862229,4613209.660643408,221,251.69229122656145,2016-07-08T15:11:00.000000Z,395010.0,4613373.0
2062387,14006203,2016-07-08T13:04:40.763715Z,368899.6472893271,4607789.356943472,111,664.5708845464103,2016-07-08T17:31:00.000000Z,369478.0,4607462.0
2062701,14008885,2016-07-08T14:23:26.841691Z,400483.93539572816,4639645.827183359,111,353.3796288589847,2016-07-08T18:16:00.000000Z,400311.0,4639954.0
2063117,14009749,2016-07-08T15:11:43.095886Z,390107.77791163744,4645217.345016659,221,370.7813425369753,2016-07-09T16:30:00.000000Z,390039.0,4644853.0
2065517,14022037,2016-07-11T11:38:44.523960Z,310144.05241358373,4662481.2767839255,111,2450.2217110997335,2016-07-11T14:03:00.000000Z,312184.0,4661124.0
2066750,14027400,2016-07-11T18:01:50.040913Z,271436.95298753725,4537260.7823953405,221,5242.447817999624,2016-07-11T18:51:00.000000Z,269217.0,4542010.0
2066432,14026007,2016-07-11T17:09:37.597382Z,286950.3324868651,4552135.693697677,221,1123.449231980864,2016-07-11T19:03:00.000000Z,287520.0,4553104.0
2066952,14028159,2016-07-11T18:38:22.190259Z,305984.2204621,4540636.593975386,221,4360.688578635153,2016-07-11T19:29:00.000000Z,302397.0,4543116.0
2066750,14027400,2016-07-11T18:01:50.040913Z,271436.95298753725,4537260.7823953405,221,727.1059830154384,2016-07-11T20:33:00.000000Z,271948.0,4537778.0
2066909,14028056,2016-07-11T18:33:04.171227Z,301293.17356048094,4535004.998449613,221,1477.4053100720853,2016-07-11T20:50:00.000000Z,301771.0,4536403.0
2066918,14028079,2016-07-11T18:34:10.482312Z,301310.0798630498,4529666.74274848,224,307.64288431744075,2016-07-11T21:54:00.000000Z,301074.0,4529864.0
2069138,14037361,2016-07-21T23:53:11.384685Z,403678.1564523225,4602919.321032886,221,3837.9281032603453,2016-07-22T00:13:00.000000Z,399845.0,4602728.0
2069164,14037390,2016-07-21T23:57:28.094151Z,388937.6017201807,4613307.225361671,221,1716.2782902993374,2016-07-22T06:00:00.000000Z,387745.0,4612073.0
2069278,14037491,2016-07-22T00:24:58.597957Z,415245.0267427508,4652252.704457768,222,7460.743164566948,2016-07-22T13:03:00.000000Z,415221.0,4644792.0
2069965,14038158,2016-07-22T02:09:11.303246Z,508613.2766165718,4663990.000502069,111,4725.455990777938,2016-07-22T14:00:36.000000Z,512037.0,4660733.0
2075625,14067616,2016-07-22T16:26:34.091577Z,418194.71031030145,4621941.047261893,224,191.8752091423152,2016-07-22T18:25:00.000000Z,418003.0,4621949.0
2078237,14086008,2016-07-22T18:48:12.903626Z,400860.6306395633,4573630.8650285695,221,529.8160357751033,2016-07-22T19:27:00.000000Z,400578.0,4574079.0
2076928,14081145,2016-07-22T17:36:57.373425Z,371232.45936390065,4647896.149107775,111,384.6572209880474,2016-07-22T19:39:00.000000Z,370925.0,4647665.0
2074338,14057282,2016-07-22T15:16:32.275490Z,373373.3608920775,4658828.681645866,221,1990.012413624184,2016-07-22T20:11:00.000000Z,371500.0,4659500.0
2077877,14080982,2016-07-22T18:32:00.388649Z,417443.7376454991,4577103.989961259,223,476.594235691522,2016-07-22T20:28:00.000000Z,417866.0,4576883.0
2078093,14085614,2016-07-22T18:41:26.774647Z,423987.4859891866,4588032.56293329,223,3030.910540042198,2016-07-22T20:51:00.000000Z,423545.0,4591031.0
2077518,14086427,2016-07-22T18:14:31.303667Z,350791.589509354,4655618.492639026,221,114.62798667332402,2016-07-24T13:22:00.000000Z,350887.0,4655682.0
2072764,14043040,2016-07-22T07:40:33.687090Z,387000.89156842476,4694334.915612074,222,503.590715972259,2016-07-24T20:49:00.000000Z,387472.0,4694157.0
2072703,14042934,2016-07-22T07:32:43.129883Z,384714.4588600157,4694467.532454789,221,297.87572754098784,2016-07-25T19:07:00.000000Z,384830.0,4694193.0
2076399,14075154,2016-07-22T17:09:25.069103Z,434828.8147383686,4622214.771105833,221,2365.680701036288,2016-07-26T18:06:00.000000Z,436457.0,4623931.0
2084563,14123638,2016-07-29T16:52:31.074942Z,454544.0388395386,4687425.082317779,222,553.0288011312463,2016-07-29T18:50:00.000000Z,454509.0,4687977.0
1716900,14987965,2017-05-18T12:25:30.153042Z,275739.786705418,4510955.237961271,114,3770.1910514853334,2017-05-19T13:27:00.000000Z,274919.0,4514635.0
1755421,15184385,2017-06-21T13:34:38.888346Z,419152.72254612535,4631068.477879643,221,7081.267229746339,2017-06-21T16:00:00.000000Z,413560.0,4626725.0
1755521,15184978,2017-06-21T13:57:13.189213Z,357509.4574232971,4656503.36686808,111,357.54632003319784,2017-06-21T16:19:00.000000Z,357867.0,4656505.0
1758212,15202507,2017-06-25T02:30:50.500461Z,354220.6000910712,4642254.777873979,225,279.94229460731725,2017-06-25T16:01:00.000000Z,354496.0,4642305.0
1755658,15186177,2017-06-21T14:18:31.164641Z,334127.16686805175,4679094.785734551,224,247.68950073955412,2017-06-26T07:45:00.000000Z,334015.0,4678874.0
1764615,15243488,2017-06-26T06:36:32.323795Z,334636.7260241497,4594035.135708673,115,6542.308849345754,2017-06-26T19:21:00.000000Z,339619.0,4589795.0
1764289,15240839,2017-06-26T04:08:50.191103Z,279137.4437331634,4537981.641524465,115,10915.92423830976,2017-06-27T04:08:00.000000Z,279216.0,4527066.0
1767498,15264272,2017-06-27T15:53:58.130537Z,312130.4700346191,4534442.509623344,224,169.35736460403436,2017-06-28T11:37:00.000000Z,312222.0,4534585.0
1767305,15262515,2017-06-27T15:45:55.694217Z,312113.4453830536,4535289.472012615,221,270.41960977864323,2017-06-28T16:41:00.000000Z,312354.0,4535413.0
1775365,15300403,2017-06-28T16:15:28.062344Z,321126.3308530547,4558834.6785234595,115,5386.372453906935,2017-06-28T18:14:00.000000Z,326462.0,4559572.0
1776829,15308674,2017-06-28T19:31:14.147347Z,368162.45269150025,4612885.4739396535,111,292.19065065157446,2017-06-28T21:25:00.000000Z,368142.0,4612594.0
1784166,15349347,2017-07-08T09:33:23.168436Z,380943.22433484293,4659530.6311795665,221,1016.2367239167228,2017-07-08T11:48:00.000000Z,380639.0,4658561.0
1790732,15373777,2017-07-08T19:24:36.608960Z,316262.41692096356,4593182.663075917,114,67.34926786668781,2017-07-08T21:13:00.000000Z,316310.0,4593135.0
1791063,15374177,2017-07-08T19:42:36.501018Z,327135.1382982637,4586032.3764455635,111,217.68926510509297,2017-07-09T13:44:00.000000Z,327279.0,4585869.0
1790821,15373911,2017-07-08T19:29:10.396234Z,319820.6707291913,4591163.023106212,114,76.61658992591546,2017-07-09T16:20:00.000000Z,319747.0,4591142.0
1791899,15374295,2017-07-08T21:16:17.418048Z,361088.4680471546,4614356.210808228,222,88.24018779756379,2017-07-09T17:15:00.000000Z,361171.0,4614325.0
1801361,15449851,2017-07-19T23:15:57.345126Z,374160.1435856144,4652213.92753464,221,1093.40563919241,2017-07-20T07:46:00.000000Z,374259.0,4651125.0
1801413,15449993,2017-07-19T23:23:33.133871Z,371693.3712350256,4656565.016255586,222,1234.8460423398594,2017-07-20T09:37:00.000000Z,372500.0,4657500.0
1801344,15449809,2017-07-19T23:12:29.530729Z,369666.07489870547,4649490.725748255,221,256.4050375145532,2017-07-20T12:55:00.000000Z,369520.0,4649280.0
1808286,15468080,2017-07-21T09:11:20.457411Z,312917.91434440645,4552484.746040071,221,280.6220898787153,2017-07-21T11:17:00.000000Z,313194.0,4552535.0
1807600,15467464,2017-07-21T08:34:41.747675Z,326967.89542063186,4697113.897236435,225,327.34770752593204,2017-07-21T11:43:00.000000Z,326673.0,4697256.0
1808670,15468496,2017-07-21T10:04:17.553707Z,349763.39529609727,4576900.398216386,224,227.19726897661138,2017-07-21T11:53:00.000000Z,349990.0,4576884.0
1808661,15468486,2017-07-21T10:02:32.120441Z,390622.3750266732,4587612.087178403,115,751.5825875411498,2017-07-21T12:03:00.000000Z,390379.0,4586901.0
1808958,15468766,2017-07-21T11:02:02.733176Z,403265.1313706059,4598996.380180438,228,447.566029941481,2017-07-21T12:58:00.000000Z,402820.0,4599043.0
1806528,15465668,2017-07-21T07:34:42.253472Z,274374.7249549371,4559129.978965068,115,435.3240693339611,2017-07-22T13:54:00.000000Z,274130.0,4559490.0
1808745,15468584,2017-07-21T10:18:32.706317Z,398053.8780059428,4603297.941171346,223,360.5899010887582,2017-07-22T15:30:00.000000Z,397708.0,4603196.0
1808693,15468519,2017-07-21T10:08:20.672997Z,371546.5360298356,4592896.476295268,111,2494.4830513304046,2017-07-23T13:01:00.000000Z,374041.0,4592906.0
1814226,15506226,2017-07-23T16:10:52.045227Z,351159.545010383,4578173.590980188,221,98.47576627037729,2017-07-23T18:53:00.000000Z,351174.0,4578271.0
1816345,15512204,2017-07-23T16:58:53.962522Z,412642.60948192875,4583580.140178159,225,60.39073458147639,2017-07-23T18:55:00.000000Z,412703.0,4583580.0
1816959,15511381,2017-07-23T17:19:27.863396Z,422614.3355192622,4614497.8620793475,228,434.3207621052894,2017-07-23T19:21:00.000000Z,422246.0,4614728.0
1811312,15500351,2017-07-23T15:11:20.484431Z,295706.3780662998,4532970.765923865,224,1133.2062462795973,2017-07-27T16:18:00.000000Z,295999.0,4531876.0
1819421,15522375,2017-08-01T12:06:43.766961Z,335975.62216773303,4565132.300645592,115,13169.770312350638,2017-08-02T09:59:00.000000Z,338400.0,4578077.0
1831017,15615992,2017-08-10T15:40:19.350211Z,491940.6918274067,4648561.7069300255,222,467.4356301283253,2017-08-12T12:27:00.000000Z,491474.0,4648588.0
1832081,15623901,2017-08-15T13:25:33.085875Z,382815.4119284322,4662608.7211874,221,737.628691082684,2017-08-15T15:51:00.000000Z,382618.0,4661898.0
1832466,15630961,2017-08-15T16:22:54.771794Z,374125.01531720697,4620631.571719407,111,425.9431269926084,2017-08-15T18:30:00.000000Z,373792.0,4620366.0
1832591,15632437,2017-08-15T16:42:12.307045Z,410658.2108877535,4642134.830118523,221,1031.224201213332,2017-08-15T18:47:00.000000Z,410236.0,4641194.0
1832822,15634899,2017-08-15T17:13:14.519907Z,420025.0572685037,4635991.448998185,224,66.30498756706007,2017-08-15T19:11:00.000000Z,419981.0,4636041.0
1832489,15631402,2017-08-15T16:29:05.643626Z,392228.5085557547,4628141.68043982,221,234.3247391354218,2017-08-15T19:18:00.000000Z,392449.0,4628221.0
1832924,15636273,2017-08-15T17:35:58.751709Z,406730.0832418667,4630277.183103811,224,203.33055099282848,2017-08-15T19:26:00.000000Z,406825.0,4630457.0
1832705,15633491,2017-08-15T16:54:44.513177Z,422528.50138184277,4647675.621341116,221,1908.0323127505035,2017-08-16T14:26:00.000000Z,421693.0,4649391.0
1838636,15670216,2017-08-24T00:57:55.129561Z,271487.03670514375,4517930.656758423,221,1777.5390642445245,2017-08-24T12:00:00.000000Z,273262.0,4517835.0
1838462,15669863,2017-08-24T00:27:38.565810Z,273214.41375891375,4546868.505659097,225,465.1043025665098,2017-08-24T14:26:00.000000Z,272820.0,4547115.0
1840286,15687675,2017-08-26T17:49:24.581667Z,281757.705828039,4617163.320527453,111,641.1343525654697,2017-08-26T19:47:00.000000Z,281150.0,4616959.0
1849381,15728528,2017-08-31T10:30:40.470568Z,450238.9466727679,4598580.805904229,221,1322.4216893686405,2017-08-31T14:30:00.000000Z,448920.0,4598485.0
1869677,15782263,2017-09-06T20:08:11.970283Z,406533.1443647058,4643063.601141935,221,659.8130643420642,2017-09-07T12:59:00.000000Z,405882.0,4642957.0
1885301,15827429,2017-09-09T18:28:26.246947Z,356779.1448871994,4660374.170637897,232,4677.868523433603,2017-09-10T15:29:00.000000Z,359435.0,4664225.0
1958319,15970333,2017-11-04T16:19:02.394265Z,370120.07076538156,4586417.259016382,221,280.2791135574629,2017-11-05T14:23:00.000000Z,369919.0,4586222.0
1030048,16070102,2018-04-25T13:28:57.425380Z,369388.3280074785,4659946.016814574,221,657.0846620840174,2018-04-25T15:26:00.000000Z,369606.0,4660566.0
1063225,16263466,2018-05-22T14:48:27.007162Z,395359.8999954561,4606597.297250428,111,237.9052902463966,2018-05-22T16:36:00.000000Z,395175.0,4606747.0
1101859,16419475,2018-06-06T05:03:19.521587Z,382315.0475438173,4561315.920422286,221,110.54705418480437,2018-06-06T06:57:00.000000Z,382333.0,4561425.0
1101967,16419593,2018-06-06T05:29:28.739180Z,377690.62563442596,4563263.189931873,115,40.6599685195061,2018-06-06T07:29:00.000000Z,377731.0,4563268.0
1135273,16642297,2018-07-07T17:18:30.352226Z,489555.368575213,4621462.128789296,223,832.0270822978985,2018-07-07T19:57:00.000000Z,488729.0,4621559.0
1138457,16673340,2018-07-09T15:07:00.609243Z,293503.1152604086,4530176.282325629,224,2063.2062462528866,2018-07-10T17:04:00.000000Z,294480.0,4528359.0
1139597,16694984,2018-07-09T20:34:59.499058Z,369260.1282685916,4606633.622230234,111,4322.856645774563,2018-07-11T17:49:00.000000Z,371973.0,4603268.0
1140594,16704714,2018-07-11T16:48:46.290871Z,312570.7475145909,4543212.533476054,224,407.91175578714,2018-07-13T12:19:00.000000Z,312976.0,4543259.0
1152602,16766742,2018-07-16T07:07:24.980283Z,404983.57458273345,4629892.680916753,221,211.04230811863363,2018-07-16T08:45:00.000000Z,405035.0,4629688.0
1157933,16787982,2018-07-16T09:18:56.338519Z,479518.59575210366,4661107.635159922,221,1701.163520045248,2018-07-16T11:07:00.000000Z,480770.0,4662260.0
1161869,16800590,2018-07-16T10:34:25.922565Z,475866.9462814461,4655119.673628586,223,384.51790961036204,2018-07-20T19:29:00.000000Z,476242.0,4655035.0
1169883,16851758,2018-07-20T18:05:30.709434Z,352848.50425603654,4602228.283357331,224,199.50464240119058,2018-07-20T20:00:00.000000Z,352665.0,4602150.0
1170016,16853642,2018-07-20T18:16:27.408865Z,315463.6593518343,4604025.740976182,111,1478.6705068128158,2018-07-20T20:11:00.000000Z,316602.0,4603082.0
1170403,16860509,2018-07-20T19:02:44.527351Z,292544.33172692405,4549322.751134695,221,7135.35970114436,2018-07-20T21:49:00.000000Z,291327.0,4542292.0
1180970,16912558,2018-07-22T12:38:40.468444Z,386486.9608187242,4570454.328925691,224,397.5234832274849,2018-07-22T15:43:00.000000Z,386419.0,4570846.0
1181093,16912902,2018-07-22T12:43:27.108115Z,388703.95767219516,4573678.12439819,113,981.6752062240021,2018-07-22T15:53:00.000000Z,387727.0,4573582.0
1183820,16935914,2018-07-24T13:44:28.878057Z,493804.318607495,4653960.2952295635,111,3325.868062706128,2018-07-24T15:31:00.000000Z,493421.0,4657264.0
1184852,16951603,2018-07-24T16:45:03.330468Z,385604.18787227746,4608080.769501916,111,407.5449252291743,2018-07-24T19:26:00.000000Z,385198.0,4608114.0
1191166,16994062,2018-08-06T13:31:12.054521Z,476151.07876803033,4680116.099662831,222,1827.5575000310978,2018-08-06T16:04:00.000000Z,476734.0,4678384.0
1191166,16994062,2018-08-06T13:31:12.054521Z,476151.07876803033,4680116.099662831,222,1827.5577854815092,2018-08-07T14:10:00.000000Z,476734.0,4678384.0
1197980,17062608,2018-08-07T20:05:30.083141Z,345252.29422464897,4657996.957095405,223,1911.5090500841175,2018-08-07T23:56:00.000000Z,346382.0,4656455.0
1205310,17098206,2018-08-09T02:00:44.894545Z,397007.5085899638,4587525.121389435,221,9814.193059865238,2018-08-09T03:49:00.000000Z,387950.0,4591304.0
1205262,17098176,2018-08-09T01:49:27.231066Z,405057.28297897184,4586861.00111724,221,195.61935557723294,2018-08-09T03:57:00.000000Z,405129.0,4587043.0
1204713,17097466,2018-08-08T21:27:08.627299Z,366469.58687516116,4644114.866483282,111,669.7834952732687,2018-08-09T06:22:00.000000Z,366200.0,4644728.0
1220124,17148338,2018-08-09T14:08:38.287182Z,282582.88512110524,4498739.0481911525,224,2057.8092277793894,2018-08-09T16:15:00.000000Z,283919.0,4497174.0
1221671,17146387,2018-08-09T14:34:48.575279Z,372427.6852856889,4572433.151283124,224,205.7272485767859,2018-08-09T16:29:00.000000Z,372257.0,4572548.0
1205124,17097970,2018-08-09T01:24:45.693677Z,400429.767086333,4567538.28081224,224,2634.327247506283,2018-08-09T16:40:00.000000Z,399232.0,4565192.0
1223287,17152968,2018-08-09T15:00:35.714438Z,447815.38952127635,4596345.888706643,112,504.4908655386958,2018-08-09T16:52:00.000000Z,447311.0,4596356.0
1229511,17166604,2018-08-09T17:51:29.990160Z,375004.64520601544,4559621.532586549,228,1023.3039680164165,2018-08-09T18:29:00.000000Z,373987.0,4559729.0
1218518,17142885,2018-08-09T13:49:32.543122Z,288955.70517709944,4494966.494590935,225,3599.538240424059,2018-08-09T18:33:00.000000Z,289831.0,4491475.0
1215792,17134323,2018-08-09T13:12:47.889347Z,391828.99013605557,4594134.934103516,113,246.4789905625796,2018-08-10T11:40:00.000000Z,392065.0,4594206.0
1208853,17104894,2018-08-09T11:01:07.283666Z,358656.25009649084,4610236.349442043,111,241.2583341584602,2018-08-10T11:59:00.000000Z,358891.0,4610292.0
1213142,17124636,2018-08-09T12:32:41.248762Z,282127.6324382182,4513376.888245335,114,1393.7181060649161,2018-08-11T18:37:00.000000Z,282848.0,4514570.0
1258489,17325995,2018-08-12T18:32:30.889127Z,362529.56068853335,4656926.584421433,221,763.4663083082862,2018-08-13T16:29:00.000000Z,362658.0,4656174.0
1267457,17346391,2018-08-13T15:09:40.534638Z,378555.31231950363,4610361.172750624,221,5332.157459344284,2018-08-15T11:26:00.000000Z,378496.0,4615693.0
1296792,17442001,2018-08-16T15:42:42.952733Z,428719.8014549296,4599470.562996091,229,905.8896565985042,2018-08-16T17:46:00.000000Z,429345.0,4598815.0
1297274,17449440,2018-08-16T16:38:15.083417Z,398972.5650851108,4695577.761204814,111,767.2138470592374,2018-08-16T20:49:00.000000Z,398333.0,4695154.0
1252282,17277114,2018-08-12T14:13:09.760883Z,351304.6509457232,4630949.167105455,111,5286.074740533568,2018-08-17T02:19:00.000000Z,352616.0,4636070.0
1270859,17359782,2018-08-13T23:23:59.042731Z,375659.2773290576,4563333.539873044,113,1198.0067819826636,2018-08-17T13:12:00.000000Z,376764.0,4563797.0
1313207,17527224,2018-08-17T11:36:36.897922Z,411126.37292813195,4591538.073097709,225,481.62065185896574,2018-08-17T13:29:00.000000Z,410654.0,4591632.0
1318765,17537235,2018-08-17T13:12:57.033858Z,436610.1590583979,4591904.581067346,224,939.8675626397019,2018-08-17T14:22:00.000000Z,436561.0,4590966.0
1313141,17527052,2018-08-17T11:35:40.806463Z,411349.4818536563,4590230.30698356,221,244.87672774508817,2018-08-17T16:01:00.000000Z,411340.0,4590475.0
1310453,17517191,2018-08-17T10:44:16.647340Z,438215.5976746412,4632446.837601364,111,2824.01668446912,2018-08-17T16:20:00.000000Z,436221.0,4634446.0
1350083,17604956,2018-08-22T16:35:09.133858Z,336559.02370201994,4640146.285859869,111,640.3217460996708,2018-08-22T18:32:00.000000Z,336987.0,4639670.0
1350215,17606187,2018-08-22T16:49:21.174500Z,344645.683917064,4637940.679337349,223,579.2708121115033,2018-08-22T19:21:00.000000Z,344194.0,4637578.0
1351447,17612745,2018-08-23T12:46:17.979925Z,450719.6021760488,4616102.169792778,223,9373.832242436883,2018-08-23T19:21:00.000000Z,453024.0,4607016.0
1356119,17643273,2018-08-28T13:41:03.487857Z,294034.5054441972,4525936.175615834,224,252.67480741736838,2018-08-28T16:03:00.000000Z,294097.0,4526181.0
1356200,17643685,2018-08-28T14:31:07.687006Z,316885.0145537547,4560847.311410846,223,156.00864187106995,2018-08-28T16:43:00.000000Z,317041.0,4560850.0
1358257,17671004,2018-08-28T19:58:18.406901Z,341563.10206797824,4593017.155997135,221,356.0765051149701,2018-08-29T08:01:00.000000Z,341826.0,4592777.0
1358265,17671004,2018-08-28T19:58:19.059752Z,339321.30391982466,4593017.147955848,221,189.46621784061367,2018-08-29T09:45:00.000000Z,339299.0,4592829.0
1356400,17646403,2018-08-28T16:07:56.671495Z,357810.3422684442,4603131.211628944,222,275.08352446489863,2018-08-29T14:58:00.000000Z,358028.0,4602963.0
1360640,17702066,2018-08-29T17:43:51.923231Z,418779.72156096366,4652353.892373251,111,871.7798457871553,2018-08-29T20:07:00.000000Z,419639.0,4652501.0
1397520,17859256,2018-09-05T03:31:18.447911Z,268793.1237063396,4549043.491824486,224,846.9494137016302,2018-09-07T14:59:00.000000Z,268246.0,4549690.0
1444973,18026694,2018-09-09T13:42:39.652513Z,335374.57652720204,4587983.737901209,230,335.9787226222937,2018-09-09T17:14:00.000000Z,335079.0,4587824.0
1472153,18116559,2018-09-12T17:01:25.439519Z,410243.917043493,4590557.858173266,224,2071.845257329997,2018-09-12T17:49:00.000000Z,409288.0,4592396.0
1469055,18108859,2018-09-12T15:42:37.978725Z,401676.3666289777,4625470.881930785,224,483.3316446729377,2018-09-12T18:06:00.000000Z,401662.0,4625954.0
1470825,18112667,2018-09-12T16:21:56.340758Z,415724.40811757895,4599409.866177685,223,344.49059697465293,2018-09-12T18:11:00.000000Z,415605.0,4599733.0
1470549,18111917,2018-09-12T16:15:49.530445Z,392176.45778935944,4588793.159678959,115,117.19979901488966,2018-09-12T18:27:00.000000Z,392242.0,4588696.0
1471196,18113694,2018-09-12T16:31:03.651720Z,422500.4205791973,4599558.091356685,221,1265.549571026403,2018-09-12T18:28:00.000000Z,422802.0,4598329.0
1467505,18106565,2018-09-12T15:13:08.213451Z,391802.1576070578,4618976.606962274,221,301.6739206627172,2018-09-12T18:28:00.000000Z,391552.0,4618808.0
1471774,18115052,2018-09-12T16:46:17.399480Z,404027.72629857867,4588922.16934828,111,942.3480158343516,2018-09-12T18:39:00.000000Z,404879.0,4588518.0
1474850,18125916,2018-09-12T19:13:06.624905Z,368321.71583389526,4558077.466175076,115,130.19419268452606,2018-09-13T11:06:00.000000Z,368301.0,4558206.0
740904,18573372,2019-06-05T11:52:03.355111Z,283614.1062649398,4494454.715983033,228,4681.996032499557,2019-06-06T20:42:00.000000Z,288294.0,4494595.0
743710,18588205,2019-06-20T15:05:05.991055Z,407764.9227699193,4675609.58328143,221,3202.344527282632,2019-06-22T14:21:00.000000Z,409978.0,4673295.0
753945,18649688,2019-07-03T15:27:28.091048Z,400594.399029708,4650792.3808739595,111,543.1535407319341,2019-07-03T17:28:00.000000Z,400052.0,4650821.0
754068,18650906,2019-07-03T15:40:15.891109Z,393236.9879333016,4638502.294006847,111,228.23787920401494,2019-07-03T18:01:00.000000Z,393108.0,4638314.0
754420,18652910,2019-07-03T16:07:14.308521Z,381063.39002883824,4647766.894885678,221,281.6960077329515,2019-07-03T18:11:00.000000Z,380850.0,4647583.0
754235,18651915,2019-07-03T15:51:07.159659Z,370761.1119185504,4648489.8320886,111,504.89470514297835,2019-07-03T18:54:00.000000Z,370656.0,4647996.0
753527,18646146,2019-07-03T14:36:20.145694Z,418642.399270228,4660816.977285906,224,310.00544711504386,2019-07-04T15:59:00.000000Z,418703.0,4661121.0
753367,18643910,2019-07-03T14:05:48.775893Z,358908.56870135176,4723227.419613665,221,885.7019630259593,2019-07-05T12:37:00.000000Z,358812.0,4722347.0
756219,18659995,2019-07-06T17:27:34.351321Z,293121.8860501132,4534708.719189659,225,757.7095292021575,2019-07-06T19:35:00.000000Z,293789.0,4535068.0
756226,18660080,2019-07-06T17:33:17.345780Z,303340.0884076355,4534961.655815055,114,369.8306139520199,2019-07-06T19:59:00.000000Z,303560.0,4535259.0
756435,18661593,2019-07-06T18:44:09.479298Z,376578.8882815824,4598214.485075717,221,91.29211252780836,2019-07-06T20:46:00.000000Z,376591.0,4598124.0
756508,18662032,2019-07-06T19:00:30.321482Z,392646.7748063136,4612507.725841798,224,407.7198742485584,2019-07-06T21:05:00.000000Z,392312.0,4612275.0
756259,18660299,2019-07-06T17:45:24.084413Z,279459.9511861785,4532884.333352865,221,3679.218760496834,2019-07-06T21:24:00.000000Z,282425.0,4530706.0
756428,18661569,2019-07-06T18:43:20.062543Z,374043.25961205165,4606072.234118117,221,275.6181660372139,2019-07-07T12:53:00.000000Z,373856.0,4605870.0
756868,18664860,2019-07-07T12:38:05.603640Z,481912.5267435288,4687003.092321511,224,289.179420466221,2019-07-07T14:40:00.000000Z,481660.0,4687144.0
759147,18721137,2019-07-08T07:56:54.970859Z,390474.3541454751,4624674.276431018,111,351.64896430279106,2019-07-08T10:04:00.000000Z,390266.0,4624391.0
760174,18735475,2019-07-08T13:33:07.833593Z,358649.45894776034,4600989.26833425,221,68.08035993340285,2019-07-08T15:46:00.000000Z,358697.0,4601038.0
769237,18837971,2019-07-09T13:16:27.426049Z,406466.34742901876,4596730.747959464,224,146.55159185359545,2019-07-09T15:25:00.000000Z,406321.0,4596712.0
773606,18862827,2019-07-14T13:17:53.648216Z,445599.68647218193,4597614.643108308,221,1042.5373690126232,2019-07-14T14:40:00.000000Z,446407.0,4596955.0
773606,18862827,2019-07-14T13:17:53.648216Z,445599.68647218193,4597614.643108308,221,3946.673244686986,2019-07-14T14:55:00.000000Z,445039.0,4593708.0
772992,18858312,2019-07-14T08:59:36.462515Z,294620.14459191466,4554139.971875384,224,781.509732941611,2019-07-14T16:20:00.000000Z,295401.0,4554108.0
780043,18900296,2019-07-17T17:38:16.069511Z,428492.09886799904,4590562.971818045,221,638.5058708254767,2019-07-18T19:21:00.000000Z,427900.0,4590324.0
785857,18916252,2019-07-26T12:31:11.795197Z,306456.1396627894,4550055.758804245,228,211.69241446634982,2019-07-26T14:39:00.000000Z,306619.0,4550191.0
786113,18917842,2019-07-26T13:29:31.638629Z,287942.3800068683,4541731.866133672,224,918.9294651673853,2019-07-26T15:25:00.000000Z,287033.0,4541864.0
786176,18918683,2019-07-26T13:42:00.969669Z,282669.783774885,4549625.3852188615,224,520.4360218738277,2019-07-26T15:58:00.000000Z,283058.0,4549972.0
786126,18918032,2019-07-26T13:33:08.402830Z,276330.6332242362,4545379.947658262,221,139.0897204061057,2019-07-26T16:23:00.000000Z,276231.0,4545477.0
788469,18945079,2019-07-26T17:54:40.844285Z,484002.15555858513,4687852.544721684,224,2908.593221090878,2019-07-26T20:21:00.000000Z,483042.0,4685107.0
793347,18965306,2019-07-27T10:54:27.146738Z,507340.211705677,4690254.155677209,227,424.10528475386513,2019-07-27T13:06:00.000000Z,507026.0,4690539.0
789330,18948735,2019-07-27T04:47:51.616932Z,317472.91739968257,4719823.302066144,221,1061.3838150431666,2019-07-28T17:54:00.000000Z,317912.0,4718857.0
805354,19017463,2019-08-11T23:53:52.454610Z,352536.5109578756,4597955.250139082,222,225.90481691756617,2019-08-12T06:58:00.000000Z,352761.0,4597930.0
813619,19031560,2019-08-12T03:41:59.376674Z,513437.7523436701,4684578.054859789,224,1377.4630049383252,2019-08-12T07:01:00.000000Z,513521.0,4685953.0
809148,19023137,2019-08-12T01:42:02.961222Z,481875.10687226435,4687276.338059634,224,5844.852985324011,2019-08-12T10:45:00.000000Z,485009.0,4692210.0
813051,19030107,2019-08-12T03:09:48.620955Z,476601.1711368785,4642624.552675912,111,630.9988540990569,2019-08-13T12:18:00.000000Z,476279.0,4642082.0
809813,19023644,2019-08-12T01:52:55.401186Z,400028.6106486244,4569975.971884421,221,78.08124890344683,2019-08-13T14:11:00.000000Z,399961.0,4570015.0
832037,19089154,2019-08-27T13:33:31.207304Z,307184.762964779,4533891.885715355,224,1352.0852814604698,2019-08-27T18:26:00.000000Z,308536.0,4533844.0
842998,19117556,2019-08-30T14:54:54.573931Z,310880.42900101515,4648136.544413762,224,385.49699969536465,2019-08-30T16:55:00.000000Z,310503.0,4648215.0
849363,19171487,2019-09-01T18:59:00.668376Z,496933.717171963,4649485.436884347,111,1518.0809450276467,2019-09-02T09:05:00.000000Z,498071.0,4650491.0
868037,19237578,2019-09-09T23:25:35.214694Z,408420.6889909464,4627641.713970832,111,403.93336420090617,2019-09-10T01:46:00.000000Z,408434.0,4627238.0
886101,19286389,2019-09-10T03:55:56.969304Z,418746.800807499,4682043.342162855,224,2077.924163595564,2019-09-14T12:57:00.000000Z,419838.0,4680275.0
